,Week,Rank,Fantasy
0,1,31,23.1
1,2,7,25.4
2,3,14,23.4
3,4,28,16.6
4,5,17,8.7
5,6,15,19.9
6,7,27,11.9
7,8,12,7
8,9,14,6.9
9,10,19,25
10,11,22,27.1
11,12,27,35.5
12,13,25,31.6
13,14,6,12
14,15,30,8.3
15,16,17,31.2
16,1,32,21.9
17,2,20,9
18,3,29,23.6
19,4,17,35.7
20,5,15,7.7
21,6,28,21.6
22,7,6,30.1
23,8,14,13.3
24,9,24,20.4
25,10,18,14.5
26,11,4,5.9
27,12,15,45.1
28,13,6,13.9
29,14,27,18.3
30,15,28,15.7
31,16,23,8.5
32,1,2,20
33,2,13,8.6
34,3,10,15.4
35,4,6,9.9
36,6,9,26
37,7,32,9.2
38,8,7,11.1
39,9,20,8.6
40,10,16,21.3
41,11,19,7.2
42,12,3,14.3
43,13,7,17.9
44,14,17,11.7
45,15,9,20.8
46,16,20,18
47,1,14,33.8
48,2,30,3
49,3,15,10.8
50,4,25,14.9
51,5,6,16.5
52,6,20,27
53,7,4,13.7
54,8,31,17.6
55,9,17,6.5
56,10,28,16.4
57,11,14,18.6
58,12,4,23.8
59,13,17,6
60,14,22,24.4
61,15,12,3.7
62,16,32,6
63,1,1,12.1
64,2,12,24.7
65,3,25,6.7
66,4,31,18.8
67,5,16,26.3
68,7,18,23.4
69,8,8,33.1
70,9,5,22.5
71,10,8,7.3
72,12,1,16.6
73,13,19,29.7
74,14,30,15.6
75,15,32,2.6
76,16,5,12.7
77,1,22,3.2
78,2,10,17.5
79,3,8,8.1
80,4,1,5.9
81,5,7,30.5
82,6,16,13.6
83,7,11,19.8
84,8,20,9.2
85,9,19,13
86,10,10,11
87,11,16,18.5
88,12,19,15.8
89,13,5,8.5
90,14,9,5.9
91,16,27,6.2
92,1,10,38.1
93,2,9,11.6
94,3,17,35.8
95,4,4,17.5
96,5,14,35.3
97,6,22,21.9
98,7,15,33.1
99,8,6,24.4
100,9,18,11.6
101,10,27,18.7
102,11,23,48.7
103,12,29,28.9
104,13,24,26.8
105,14,15,18.3
106,1,5,9.7
107,2,1,9.1
108,3,15,13.9
109,4,10,19.3
110,5,7,24.6
111,6,9,11
112,7,16,6.4
113,8,8,5.9
114,9,32,25.5
115,10,4,7.3
116,11,11,8.8
117,12,32,12.5
118,14,20,6.1
119,15,10,10.3
120,16,16,10.9
121,1,18,12.6
122,2,24,11
123,3,23,10.9
124,4,29,14.3
125,5,13,12.3
126,6,8,8.9
127,7,2,17.1
128,8,9,28.3
129,9,30,23.3
130,11,20,20.7
131,12,11,12.6
132,14,13,19.2
133,15,7,16.5
134,16,2,21.6
135,1,6,13.2
136,2,29,8.3
137,3,3,4.5
138,4,30,53.1
139,5,18,18.1
140,6,24,4.6
141,7,13,21.6
142,9,29,16.4
143,10,15,4.1
144,11,28,27.1
145,12,18,15.1
146,13,2,13.1
147,14,8,24.2
148,15,24,20.5
149,16,22,14.1
150,1,7,17.8
151,2,28,19.9
152,3,14,29.7
153,4,2,8.3
154,5,11,6.4
155,6,19,25.7
156,7,20,10.6
157,8,3,0.9
158,10,20,5.6
159,11,13,10.9
160,12,16,15.3
161,13,10,21.7
162,14,32,13.4
163,15,11,2.4
164,16,7,14.7
165,1,8,17.7
166,4,5,8.1
167,5,25,12.8
168,6,17,27.7
169,8,4,26.3
170,9,31,7
171,10,30,16.9
172,11,1,9.6
173,12,25,12.3
174,14,18,15
175,15,27,13.3
176,16,14,7.2
177,1,9,9
178,2,4,22
179,3,20,11.7
180,4,32,13
181,5,19,5.1
182,6,16,14.5
183,10,13,11.2
184,11,15,17.5
185,12,20,6.5
186,13,11,9.5
187,14,10,6.2
188,15,3,1.5
189,16,9,9.9
190,1,24,3.4
191,2,18,1.2
192,3,27,16.7
193,4,19,8.5
194,5,22,17.9
195,6,4,14.2
196,7,28,12.4
197,8,17,23.1
198,9,6,13.6
199,10,23,18.8
200,11,7,20.8
201,12,22,31.3
202,13,14,12.5
203,14,28,40.5
204,15,6,11.7
205,16,29,36.6
206,1,11,12.5
207,3,13,6.5
208,4,20,19.2
209,5,9,13.7
210,6,1,16.4
211,7,3,16.3
212,8,25,5.8
213,9,7,5.4
214,10,29,27.7
215,11,18,6.7
216,12,24,5.4
217,13,23,16.6
218,15,13,14.3
219,16,3,6.7
220,1,27,4.1
221,2,17,2
222,3,4,6.3
223,4,9,4.4
224,5,28,22.4
225,6,30,16.2
226,7,10,10.4
227,8,22,13.1
228,9,4,15.2
229,10,31,14
230,11,27,19.8
231,12,6,3.7
232,13,15,12.6
233,14,25,16
234,15,17,10.9
235,16,12,18.5
236,1,25,5.3
237,2,27,4.5
238,3,5,9.6
239,4,23,13.5
240,5,31,19.8
241,6,14,3.6
242,7,25,13.6
243,8,1,20.1
244,9,3,23.6
245,10,12,13.9
246,11,17,4.3
247,12,8,15.2
248,13,12,12.8
249,15,4,6.9
250,16,31,17.3
251,1,20,7.9
252,2,11,6.3
253,3,2,8.3
254,4,24,6.6
255,5,3,14.5
256,6,5,6.6
257,7,29,8.2
258,8,23,15.2
259,9,31,3.9
260,10,7,2.2
261,11,9,14.5
262,13,18,18.6
263,14,3,3
264,15,2,3.6
265,1,16,4
266,2,14,6.9
267,3,28,17.2
268,4,22,9
269,5,4,1.8
270,6,12,8.9
271,7,15,12.8
272,8,27,32.2
273,9,25,6.5
274,10,6,6.4
275,11,30,9.6
276,12,31,14.9
277,13,27,13.7
278,14,11,7.2
279,15,14,6.8
280,16,4,12.6
281,2,5,5.8
282,3,12,20.4
283,5,30,5.3
284,6,25,32
285,7,27,19.6
286,8,13,9.1
287,9,12,14.1
288,10,14,10.1
289,11,25,18.3
290,12,17,8
291,13,29,8.6
292,15,8,10.4
293,16,30,3.7
294,1,12,20.8
295,2,25,10.4
296,3,32,8.1
297,4,1,2.7
298,5,3,7.7
299,6,5,1.7
300,8,19,6.3
301,9,16,20.3
302,11,5,22.5
303,12,30,1.4
304,14,23,14.6
305,15,31,22.9
306,16,10,8.1
307,1,3,11
308,2,15,3.5
309,4,24,19.3
310,5,23,9.4
311,7,29,5.1
312,8,6,2.8
313,9,28,15
314,10,22,8.8
315,11,2,9.6
316,12,23,33.2
317,13,13,3.3
318,14,12,5.7
319,15,29,10.7
320,16,24,4.3
321,1,15,17
322,2,3,22.3
323,3,1,9.6
324,4,13,12
325,5,18,11
326,6,6,24
327,7,23,47.5
328,8,29,29.6
329,9,22,5.2
330,12,2,5.1
331,13,28,4.8
332,14,29,4.6
333,15,23,3
334,16,18,7.3
335,1,19,8.4
336,2,31,25.7
337,3,30,28.6
338,4,12,19.3
339,5,29,2.6
340,6,13,8.8
341,7,8,2.9
342,8,1,8.2
343,10,1,5
344,11,8,3.2
345,1,29,21
346,2,2,7.6
347,3,18,6.5
348,4,11,22.4
349,6,12,9.1
350,7,7,7.2
351,10,3,5.9
352,11,24,26.8
353,12,13,6.2
354,13,3,13.1
355,14,2,0.4
356,2,19,9.5
357,3,24,8.1
358,4,32,6.1
359,5,8,7.1
360,6,10,14.8
361,7,2,6.4
362,8,5,3.2
363,9,30,3.7
364,10,5,5.8
365,11,12,7.3
366,13,8,7.5
367,14,31,15.3
368,15,16,2.4
369,16,25,11.8
370,1,13,2.4
371,2,22,0.3
372,3,7,10.7
373,4,2,3.3
374,5,27,7
375,6,10,3.4
376,7,9,8.7
377,8,32,4.4
378,9,11,4.6
379,10,9,1.5
380,11,3,12.5
381,12,7,-2
382,13,16,1.2
383,14,19,11.7
384,16,11,0.1
385,1,17,2.9
386,2,6,1.5
387,3,10,1.3
388,5,32,6.5
389,6,7,8.7
390,7,19,17.3
391,8,10,17.3
392,9,8,12
393,10,11,5.3
394,11,32,1.7
395,12,9,1.4
396,13,20,9.6
397,14,5,7.1
398,15,1,2.1
399,16,19,23.7
400,2,23,9.1
401,3,22,25.1
402,4,3,4.7
403,6,13,16.2
404,7,18,2.1
405,8,24,6.5
406,9,23,12.6
407,10,2,21.5
408,11,6,6.3
409,12,28,13
410,13,31,33.8
411,14,24,9.5
412,15,18,6.4
413,1,17,1.5
414,2,6,4.6
415,3,10,2.4
416,5,32,22.9
417,6,7,16
418,9,8,0.6
419,10,11,22.6
420,11,32,9.7
421,12,9,3
422,13,20,20.2
423,14,5,6.4
424,1,27,16.9
425,2,8,22.2
426,3,5,18.9
427,4,29,11.9
428,5,18,11.5
429,6,1,10.3
430,7,31,7.5
431,8,20,11.9
432,9,13,5.9
433,10,6,12.9
434,12,2,12.5
435,13,1,7.3
436,14,7,16.8
437,15,5,11.6
438,16,8,20.5
439,1,16,11.3
440,2,12,41.5
441,3,31,19.9
442,4,19,21.9
443,5,32,13.1
444,6,28,10.9
445,7,9,22.2
446,8,18,8.3
447,9,17,15.3
448,10,3,9.1
449,11,15,14
450,12,21,13.8
451,13,28,34
452,14,25,12.5
453,15,12,34.6
454,16,16,16.7
455,1,23,21.5
456,2,26,22
457,3,32,7.6
458,4,22,30
459,5,15,24.5
460,6,19,29
461,7,17,13.7
462,8,23,24.9
463,9,7,32.4
464,10,4,18.4
465,11,21,15.4
466,12,26,6.7
467,13,22,15.7
468,14,31,19.6
469,15,25,18.9
470,16,9,34.7
471,1,15,13.4
472,2,27,17.2
473,3,13,3.1
474,4,20,18.6
475,5,10,18.3
476,6,22,13
477,7,30,23.6
478,8,10,13.3
479,9,4,12.6
480,10,30,35.7
481,11,7,35.2
482,13,4,8.8
483,14,29,14.5
484,15,18,11.3
485,16,2,5.5
486,1,10,12.2
487,2,5,8.1
488,3,20,11.7
489,4,27,13.4
490,5,31,28.4
491,6,3,7.9
492,7,13,6.9
493,8,6,10.8
494,9,20,27.2
495,10,13,6.5
496,11,8,9.9
497,12,4,13
498,13,27,22.3
499,14,1,8.9
500,16,30,12.5
501,1,1,24.6
502,2,18,20.8
503,3,3,-1.3
504,5,28,21.9
505,6,8,8.8
506,8,19,12.4
507,9,2,8
508,10,27,15.3
509,11,20,9.8
510,12,29,17.9
511,13,8,21.5
512,14,13,10.1
513,15,3,5.3
514,16,1,4.3
515,2,32,12.2
516,3,17,6.6
517,4,11,15.5
518,5,21,12.3
519,6,22,24.2
520,7,28,19.8
521,8,16,12.7
522,10,26,19.7
523,11,6,7.2
524,12,12,19.7
525,13,23,10.4
526,14,17,19.4
527,15,32,24.2
528,16,21,19.3
529,2,3,3
530,3,1,8.7
531,4,2,9.5
532,5,5,7.7
533,6,27,8.9
534,7,7,11.7
535,8,29,8.9
536,9,25,6.1
537,10,20,13.2
538,11,18,10.8
539,12,13,13
540,13,5,10.4
541,14,16,22.8
542,15,1,11
543,16,3,15.2
544,1,31,30.3
545,2,16,30.8
546,3,27,27.6
547,4,6,10.3
548,5,9,9.1
549,6,11,20
550,7,25,23.3
551,8,5,28.9
552,9,12,27.8
553,10,28,9.8
554,11,25,25.1
555,12,31,30.6
556,13,9,19.7
557,14,26,31.6
558,15,23,28.5
559,16,22,17.6
560,1,18,12.2
561,2,4,14.2
562,3,30,25.1
563,5,20,11.6
564,6,13,2.9
565,8,27,15.3
566,11,2,12.6
567,12,7,11.5
568,13,30,14.1
569,14,32,8.2
570,16,29,5.7
571,1,19,6.1
572,2,9,12
573,3,6,21.6
574,4,25,31.94
575,5,18,6.8
576,6,12,28.1
577,7,3,20.2
578,8,22,14.2
579,9,23,32.7
580,10,9,4.5
581,11,28,20.4
582,12,19,18.3
583,13,26,35.6
584,14,11,31.5
585,15,16,21.9
586,16,25,38
587,1,25,6.5
588,2,20,4.6
589,4,16,1.8
590,5,1,4.8
591,6,27,8.2
592,7,10,5.1
593,8,18,22.1
594,9,3,10.6
595,10,18,7.3
596,11,30,18.2
597,12,8,7.9
598,13,20,5.6
599,14,5,8.6
600,15,27,8.5
601,16,4,13.2
602,1,12,9.6
603,2,13,18.9
604,3,18,10.4
605,7,27,10.9
606,8,3,16.8
607,9,18,7
608,10,8,34
609,11,5,24.7
610,12,1,13.8
611,13,13,23
612,14,30,11.2
613,15,9,10.2
614,16,27,24.6
615,1,28,27.9
616,2,31,12.9
617,3,25,4.2
618,5,19,28
619,6,16,5.3
620,7,23,22
621,8,6,11.5
622,9,1,19.1
623,10,31,11.2
624,11,22,18.8
625,12,25,31.7
626,13,19,55.4
627,14,12,26.5
628,1,17,14.5
629,2,2,4.8
630,4,3,15.9
631,5,1,10
632,6,7,11.3
633,7,23,18.2
634,8,8,10.9
635,9,30,11.8
636,10,7,19.1
637,11,4,8.9
638,12,5,2.4
639,15,2,10.2
640,16,10,3.7
641,1,30,6.9
642,2,29,6
643,3,8,19.3
644,4,32,6.7
645,5,7,12
646,6,26,12.9
647,7,4,3.6
648,9,5,3.3
649,10,1,5.7
650,11,10,2.6
651,12,3,0.7
652,13,7,8.1
653,15,29,3.6
654,1,6,1.4
655,2,19,0.7
656,3,28,11.9
657,4,13,0.6
658,5,12,6.8
659,6,9,10.1
660,7,17,2.2
661,8,15,5
662,9,32,4.2
663,10,21,11.4
664,11,12,10.2
665,12,28,12.7
666,13,25,16.5
667,14,8,7.5
668,15,31,19.1
669,16,6,5.4
670,1,26,2.7
671,2,15,0.6
672,3,11,2.5
673,4,17,0.3
674,5,2,3.1
675,6,6,10.8
676,7,21,16.9
677,8,28,14.5
678,9,16,10.3
679,10,12,3.1
680,11,17,9.7
681,12,22,4.4
682,13,21,3.4
683,14,10,6.9
684,15,15,3.6
685,16,23,2.6
686,4,12,6.2
687,5,5,13.9
688,6,6,0.5
689,7,15,17.7
690,8,32,9.4
691,9,27,32
692,10,19,17.7
693,11,31,7.6
694,12,16,3.3
695,13,6,1.4
696,14,21,30.2
697,15,17,4.7
698,16,12,19.7
699,1,29,5.5
700,2,21,15
701,3,15,3.7
702,9,6,17.4
703,10,22,12.4
704,11,32,19.3
705,12,23,32.3
706,13,12,14.5
707,14,15,15.8
708,15,28,27.4
709,16,26,13.5
710,1,22,6.5
711,2,17,14
712,3,12,1.7
713,4,23,7.2
714,5,26,5.7
715,6,15,4
716,7,4,7.5
717,8,32,2.5
718,9,17,10.7
719,10,16,15.8
720,11,11,1.8
721,12,6,6.4
722,13,32,21.7
723,14,28,23.1
724,15,7,30.7
725,16,15,7.8
726,1,7,4.1
727,2,10,8.1
728,3,30,22.4
729,4,20,14.1
730,6,21,8.9
731,7,2,11.7
732,9,10,9.7
733,10,11,4
734,11,29,7.7
735,12,18,6.6
736,14,27,3.6
737,15,30,10.5
738,16,13,5.4
739,1,5,1.9
740,2,7,2.7
741,3,8,5.5
742,5,13,16.3
743,8,12,0.9
744,9,9,8.1
745,10,2,11.3
746,11,27,1
747,13,3,6
748,14,18,8.8
749,15,8,12.3
750,16,5,7.4
751,1,5,8.7
752,2,7,8.2
753,3,8,9.1
754,6,29,9.3
755,7,3,4.9
756,8,12,15.4
757,9,9,7.2
758,10,2,3.3
759,11,27,18.8
760,12,20,5.8
761,13,3,1.5
762,14,18,4.3
763,15,8,0.8
764,16,5,2.6
765,1,22,21.7
766,2,17,10.4
767,3,12,2.8
768,4,23,8.7
769,5,26,8.4
770,6,15,10.6
771,7,4,21.5
772,8,32,6.8
773,9,17,7.2
774,10,16,7.9
775,11,11,6.9
776,12,6,5
777,1,11,8
778,2,22,21.8
779,3,26,14.9
780,4,21,5.9
781,5,30,20.6
782,6,9,15.2
783,7,29,8.8
784,8,11,8.9
785,9,31,29.1
786,10,25,11.9
787,11,26,5
788,12,17,9.7
789,13,15,5.7
790,14,22,5.5
791,15,19,5.2
792,16,32,8.7
793,2,28,7.4
794,3,9,3.1
795,4,31,2.9
796,5,22,3.7
797,6,12,1.5
798,7,19,5.2
799,8,26,1.5
800,9,8,9.4
801,10,23,17.5
802,11,19,13.7
803,12,9,7.2
804,13,16,12.5
805,14,6,5.1
806,15,11,5.6
807,16,31,3.5
808,1,32,4.9
809,2,11,9.1
810,3,23,12.8
811,4,9,8
812,5,21,2.9
813,6,2,2.9
814,7,22,8.8
815,8,25,8.5
816,9,22,4.1
817,10,15,6.5
818,11,23,2.7
819,12,11,13.5
820,13,31,5
821,14,19,17.2
822,15,10,1.7
823,16,17,2
824,1,8,4.6
825,2,30,8.9
826,3,29,4.6
827,4,1,9.5
828,5,7,3.5
829,6,4,2.7
830,9,15,10.4
831,10,10,3.1
832,11,3,14.1
833,13,29,6.8
834,1,21,32.3
835,2,11,26.4
836,3,20,20.1
837,4,8,10
838,5,32,25.1
839,6,3,7
840,7,20,18.8
841,8,8,6.7
842,9,6,24.4
843,10,24,8.8
844,11,12,9.9
845,12,16,27.4
846,13,1,10.7
847,14,22,25.4
848,15,3,7.7
849,16,25,17.5
850,1,4,10.7
851,2,20,7.1
852,3,6,9.8
853,4,1,18.3
854,5,24,5.7
855,6,9,17.9
856,7,30,12.1
857,8,28,11.4
858,10,1,6.3
859,11,24,32.7
860,12,6,5.9
861,13,3,10.4
862,14,8,17
863,15,17,10.4
864,16,2,27.9
865,2,10,4.5
866,3,32,25.4
867,4,25,21.4
868,5,3,16.7
869,6,12,6.5
870,7,15,32.8
871,8,32,28
872,9,25,15.9
873,10,20,15.6
874,11,8,3.9
875,12,28,20.4
876,13,26,18.4
877,14,4,7.6
878,15,12,33.4
879,16,14,15.5
880,1,19,8.6
881,2,12,15.7
882,3,8,14.2
883,4,20,9.4
884,5,22,23.1
885,6,4,11.5
886,8,25,19.1
887,9,8,15.6
888,10,29,21.8
889,11,6,20.3
890,12,24,20
891,13,21,14.8
892,14,20,24.2
893,15,4,10.1
894,16,32,17.4
895,1,10,22.3
896,2,17,11.8
897,3,28,13.1
898,4,24,11.3
899,5,6,6.9
900,6,13,18.2
901,7,23,8.7
902,8,18,20.4
903,9,21,11.3
904,10,2,3.3
905,11,1,1.7
906,12,17,28.2
907,13,2,22.2
908,14,32,11
909,15,28,3.2
910,1,16,17.7
911,2,4,22.3
912,3,9,8.52
913,4,30,22
914,5,7,19.4
915,6,14,14
916,7,15,10
917,8,31,13.8
918,10,31,23.3
919,11,29,22.3
920,12,9,25
921,13,10,19
922,14,24,22.6
923,15,19,29.6
924,1,3,13.1
925,2,30,24.7
926,3,23,13.9
927,4,7,16.8
928,5,31,21.5
929,6,7,14.1
930,7,29,12.4
931,8,26,17.9
932,9,16,10
933,10,13,27.5
934,11,18,12.1
935,12,30,25.6
936,13,16,15.8
937,14,6,15.2
938,15,11,14.7
939,1,2,26
940,3,24,21.4
941,4,23,25.6
942,5,28,25.8
943,6,18,23.2
944,7,26,23.1
945,8,13,25.1
946,9,12,22
947,10,14,13.1
948,11,2,11.9
949,13,6,8.4
950,14,1,17.4
951,15,21,18.3
952,16,28,23.6
953,1,7,4.3
954,2,31,4.4
955,3,3,14.2
956,4,4,5.9
957,5,20,23.1
958,6,6,20.3
959,7,12,4.9
960,8,4,12.7
961,9,3,38.2
962,10,25,7.5
963,11,22,23.7
964,12,20,2.6
965,13,24,21.6
966,14,21,20.6
967,1,29,0.2
968,2,7,2.7
969,3,11,3.2
970,4,10,27.1
971,5,15,24
972,6,31,11
973,7,21,11.2
974,8,14,12.6
975,9,16,25.1
976,11,31,13.3
977,12,11,4.2
978,13,20,4.1
979,14,29,30.1
980,15,30,7.6
981,1,22,5.7
982,2,32,-1.9
983,5,10,8.2
984,6,26,21.3
985,7,31,17.9
986,8,11,14.1
987,9,29,18.7
988,10,9,12.9
989,11,14,11
990,12,15,0.3
991,13,28,24
992,14,10,9.8
993,15,14,12.8
994,16,15,21.4
995,1,25,14.7
996,2,3,9.1
997,3,14,5.6
998,5,32,12.3
999,6,22,19.6
1000,7,8,6.9
1001,8,20,10.5
1002,9,17,18.7
1003,10,15,3
1004,11,4,2.1
1005,13,32,11
1006,14,25,9.5
1007,15,22,6.5
1008,16,10,8.2
1009,1,32,18.3
1010,2,25,16.4
1011,3,12,11.7
1012,4,15,13.6
1013,5,18,13.5
1014,6,11,1.3
1015,7,29,12.1
1016,8,9,10
1017,9,10,8.1
1018,10,17,8
1019,12,10,5.2
1020,13,31,11.2
1021,14,15,19.4
1022,16,22,15.2
1023,1,8,6.1
1024,2,9,5.4
1025,3,30,15.2
1026,4,19,7.9
1027,5,11,10.8
1028,6,29,19.7
1029,7,19,17.4
1030,8,16,1.9
1031,9,18,16.5
1032,10,30,10.3
1033,11,26,16
1034,12,1,11
1035,13,13,10.2
1036,14,23,22.5
1037,1,15,29.6
1038,2,13,11.5
1039,3,19,10.1
1040,4,17,8.6
1041,5,30,1.8
1042,6,18,13.2
1043,7,28,28.7
1044,9,26,15.2
1045,10,16,1.5
1046,12,2,5.4
1047,13,18,9.6
1048,14,7,8.5
1049,15,26,15
1050,16,13,3.6
1051,1,31,18.1
1052,2,6,1.2
1053,3,20,12.9
1054,4,21,9.4
1055,5,24,6.8
1056,6,28,12.5
1057,7,3,14.9
1058,8,2,23
1059,9,24,13.2
1060,10,21,18
1061,12,7,16.1
1062,13,4,20.3
1063,14,17,13
1064,1,14,7.1
1065,3,22,3.6
1066,4,25,9
1067,5,12,5.7
1068,6,4,14.8
1069,7,13,5.2
1070,8,22,13.9
1071,9,15,18.1
1072,10,10,4.4
1073,11,20,2
1074,12,25,6.9
1075,15,8,13.2
1076,16,3,11.4
1077,1,18,22.5
1078,2,23,21.9
1079,3,26,24.1
1080,4,2,7.2
1081,6,10,12.5
1082,7,32,0.1
1083,10,19,8.2
1084,11,28,9.4
1085,12,26,7.1
1086,13,7,9.4
1087,14,16,7.7
1088,15,18,12.3
1089,16,23,23.2
1090,1,24,5.7
1091,2,1,18.2
1092,3,21,29.2
1093,4,29,13.3
1094,8,24,15.5
1095,9,4,9.1
1096,10,28,0.8
1097,13,17,3.2
1098,14,19,14.7
1099,15,1,10.2
1100,16,20,22.7
1101,4,9,7.2
1102,6,25,9.3
1103,7,13,20.4
1104,8,29,33.8
1105,9,14,7.8
1106,10,32,22.6
1107,11,15,24.3
1108,12,14,14
1109,13,11,8.8
1110,15,15,5.4
1111,16,12,6
1112,1,23,1.3
1113,2,29,2.5
1114,3,14,1.8
1115,4,9,6.7
1116,5,2,2.2
1117,6,11,2.5
1118,7,22,10.7
1119,8,31,9.2
1120,9,32,32.2
1121,10,12,12.3
1122,11,10,22.8
1123,13,25,15
1124,14,14,16.6
1125,15,10,8.9
1126,5,1,5
1127,6,21,15.9
1128,7,2,14.3
1129,8,6,6.3
1130,9,1,1.8
1131,10,4,7.7
1132,14,11,10.3
1133,15,20,12.7
1134,16,16,15.4
1135,1,9,32.9
1136,2,15,14.2
1137,3,16,13.4
1138,4,6,24.5
1139,5,7,18.2
1140,6,14,40
1141,7,19,38.5
1142,8,10,12.2
1143,1,12,16.5
1144,2,14,10.1
1145,4,32,14.6
1146,5,22,5.5
1147,6,10,12.9
1148,7,20,13.5
1149,8,3,10.8
1150,9,22,14
1151,10,8,1.9
1152,11,23,8.1
1153,14,12,3.5
1154,15,2,5.4
1155,16,4,2.6
1156,1,31,9.4
1157,2,6,6.6
1158,3,20,10.1
1159,4,21,8.3
1160,5,24,17.7
1161,6,28,10.6
1162,7,3,12.5
1163,12,7,5.1
1164,13,4,8.1
1165,16,8,2.1
1166,1,17,16.1
1167,2,26,11.8
1168,3,18,7.6
1169,4,13,18.2
1170,5,15,15
1171,6,24,6
1172,8,1,2.1
1173,9,28,17.8
1174,11,17,24.7
1175,12,23,37.3
1176,14,28,12.6
1177,1,6,7.3
1178,2,18,21.5
1179,3,26,38
1180,5,31,25.5
1181,6,32,38.2
1182,7,12,6.1
1183,8,26,29.3
1184,9,31,35.4
1185,10,30,24.2
1186,11,14,17.4
1187,12,27,16.9
1188,13,30,18.8
1189,14,29,23.2
1190,15,2,32.5
1191,16,20,11.3
1192,1,10,11.4
1193,2,6,16.7
1194,3,11,19.7
1195,4,29,16.2
1196,5,30,18.7
1197,6,31,33.9
1198,7,32,26.7
1199,8,17,17.3
1200,9,32,20.8
1201,10,22,22.7
1202,11,3,12.4
1203,12,29,18.4
1204,13,6,15.4
1205,14,13,10.5
1206,15,7,5.5
1207,1,26,18.2
1208,3,13,6.5
1209,4,31,20.3
1210,5,12,6.9
1211,6,4,15
1212,8,30,10.3
1213,9,19,28.6
1214,10,27,13.4
1215,11,7,17.8
1216,12,12,12.4
1217,13,27,25.5
1218,14,16,36.9
1219,16,25,32.3
1220,1,1,12.1
1221,2,12,7.7
1222,3,7,10.8
1223,4,4,13
1224,5,16,12.8
1225,6,30,29.3
1226,7,14,2.2
1227,8,27,13.5
1228,9,8,23.3
1229,10,25,4.6
1230,11,13,11
1231,12,31,25.7
1232,13,26,18.1
1233,14,12,11.6
1234,15,14,22.48
1235,16,27,23.7
1236,1,12,13.2
1237,2,4,17.2
1238,3,14,43.04
1239,4,17,28.8
1240,5,3,19
1241,6,25,34.06
1242,7,27,3.3
1243,8,16,13.88
1244,9,23,39.3
1245,10,24,14.9
1246,12,25,11
1247,13,15,7.5
1248,14,2,8.5
1249,15,16,6.5
1250,16,4,15.6
1251,1,11,19.8
1252,2,19,9.3
1253,3,1,8.2
1254,4,32,8.8
1255,5,6,8.3
1256,6,29,14.3
1257,7,3,6.6
1258,8,20,7.2
1259,9,10,17.2
1260,10,2,20.5
1261,11,10,23.9
1262,12,3,22.3
1263,13,11,24
1264,14,21,25.1
1265,15,24,9.6
1266,16,16,1.7
1267,1,23,24.1
1268,2,25,10.1
1269,3,4,-0.7
1270,4,27,1.4
1271,6,15,17.9
1272,7,13,8.3
1273,8,25,27.5
1274,9,24,17.8
1275,10,32,33.7
1276,11,17,21.2
1277,12,4,26.9
1278,13,12,35.1
1279,14,14,30.4
1280,15,13,29.9
1281,16,22,38.2
1282,1,32,13.2
1283,2,8,3.3
1284,3,18,20
1285,5,15,15.1
1286,6,23,22.7
1287,7,25,8.6
1288,8,17,15.7
1289,9,16,4.6
1290,10,13,4.1
1291,11,5,5.3
1292,12,15,9.9
1293,13,17,0.8
1294,14,4,11
1295,15,22,6.6
1296,16,23,13.5
1297,2,21,27.8
1298,3,22,17.4
1299,4,11,14.2
1300,5,19,19.5
1301,6,10,13.4
1302,7,21,7.7
1303,10,5,8.7
1304,11,8,12.2
1305,12,20,9.3
1306,13,3,15.5
1307,14,18,15.4
1308,15,20,16.6
1309,16,19,6.2
1310,1,22,10
1311,2,20,7.9
1312,3,2,10.8
1313,4,1,9.3
1314,5,10,5.3
1315,6,21,10.9
1316,7,32,7.9
1317,8,29,18.9
1318,9,3,18.3
1319,10,15,22.9
1320,11,19,11.9
1321,12,6,8.8
1322,13,22,7.8
1323,14,25,8.4
1324,15,3,6.5
1325,16,10,4.5
1326,1,27,11.7
1327,2,7,5.4
1328,3,24,10.2
1329,4,19,19.3
1330,5,17,10.6
1331,7,23,16.1
1332,8,15,17.1
1333,9,20,16.8
1334,10,8,10.2
1335,11,21,11.6
1336,12,5,8.6
1337,14,1,9
1338,15,8,6.4
1339,16,5,3.9
1340,1,17,11
1341,2,16,15.1
1342,3,27,13.2
1343,4,12,20.8
1344,5,13,21.4
1345,6,24,34.2
1346,7,29,19.6
1347,8,16,13.8
1348,9,4,10.8
1349,11,15,26.4
1350,12,13,4.5
1351,13,23,7.9
1352,14,11,17.2
1353,1,2,5.2
1354,2,29,2.1
1355,3,23,12.1
1356,4,21,17.2
1357,5,11,7
1358,6,1,4
1359,7,3,4.1
1360,8,22,4.9
1361,9,6,5.7
1362,10,3,0.8
1363,11,22,20.9
1364,12,32,2
1365,14,20,17.4
1366,15,19,8.5
1367,16,11,11.8
1368,1,29,26.9
1369,2,32,17.1
1370,3,17,4.9
1371,4,13,4
1372,5,6,5.5
1373,6,22,19.1
1374,7,10,8.1
1375,8,20,2.3
1376,10,10,14.1
1377,11,2,6.6
1378,12,22,8.2
1379,13,1,11.3
1380,14,19,9.7
1381,15,11,19
1382,16,21,15.2
1383,1,30,7.3
1384,2,26,16.9
1385,3,29,5.4
1386,4,14,15.9
1387,5,7,19.9
1388,6,2,16.7
1389,8,6,26
1390,9,7,11.5
1391,10,26,0.2
1392,11,32,17.2
1393,13,19,6.7
1394,14,27,8.2
1395,15,30,10.9
1396,1,15,0.5
1397,2,13,7
1398,3,16,15.8
1399,4,6,14.2
1400,6,17,11.7
1401,7,14,18
1402,8,27,20.2
1403,9,25,12.5
1404,10,23,30.9
1405,11,12,1.7
1406,12,16,22.3
1407,13,10,2.1
1408,14,24,22.1
1409,15,25,12.6
1410,1,16,7.7
1411,2,15,7.8
1412,3,6,7.1
1413,4,10,4.5
1414,5,8,17.9
1415,6,24,21.1
1416,7,18,11.4
1417,8,13,13.2
1418,9,5,6.1
1419,10,4,1.1
1420,12,17,5.5
1421,1,25,21.3
1422,2,5,3.6
1423,3,3,20.4
1424,4,13,14.6
1425,5,18,11.9
1426,7,24,19.2
1427,8,2,4.9
1428,9,15,14.4
1429,12,23,19.1
1430,13,24,18.3
1431,14,8,19.7
1432,2,17,6
1433,3,15,7.5
1434,4,20,9.3
1435,5,26,6.9
1436,7,19,5.9
1437,8,8,3.9
1438,9,23,6.3
1439,10,1,6.1
1440,11,24,9.8
1441,12,18,30
1442,13,8,4.8
1443,15,12,8.1
1444,16,18,22.5
1445,1,7,9
1446,2,2,9.9
1447,3,23,15.8
1448,4,4,2.7
1449,5,22,13.2
1450,7,31,22.4
1451,8,32,6.3
1452,10,29,1.9
1453,13,2,7.4
1454,14,30,17.2
1455,2,17,25.7
1456,3,15,5.2
1457,4,20,19.2
1458,5,26,10.6
1459,6,21,2.7
1460,7,19,16.7
1461,8,8,16.9
1462,9,23,14.1
1463,10,1,0.6
1464,11,24,2.5
1465,12,18,0.8
1466,13,8,2.3
1467,1,31,7.9
1468,2,27,6.5
1469,3,12,9.3
1470,4,26,5.5
1471,5,2,12.8
1472,7,8,12.2
1473,8,14,4.5
1474,9,1,6.3
1475,10,7,3.8
1476,11,29,11.7
1477,13,7,6.3
1478,1,15,6
1479,2,13,4.7
1480,3,16,6.6
1481,4,6,25.2
1482,6,17,6.1
1483,7,14,22.7
1484,8,27,3.9
1485,9,25,4
1486,10,23,4.7
1487,11,12,7.9
1488,12,16,5.8
1489,13,10,8.3
1490,14,24,23.2
1491,5,8,3
1492,6,16,8.2
1493,8,18,3.2
1494,9,17,8.3
1495,10,11,15.5
1496,11,25,13.8
1497,12,24,0.8
1498,13,13,13.4
1499,14,23,23.5
1500,15,29,16.8
1501,1,5,0.2
1502,2,14,1.5
1503,3,19,2.2
1504,4,24,0.1
1505,5,20,4
1506,6,18,18.8
1507,7,31,7
1508,8,15,3.3
1509,9,1,9.7
1510,10,17,3.2
1511,11,23,4.5
1512,12,8,5
1513,13,18,13.2
1514,14,5,2.5
1515,15,21,3.8
1516,16,8,5.5
1517,1,14,1.5
1518,2,31,9.3
1519,3,7,5.7
1520,4,30,7.4
1521,5,5,2.8
1522,6,29,4.2
1523,7,12,6.9
1524,8,7,2.4
1525,9,21,-1
1526,10,31,3.1
1527,11,6,5.4
1528,14,32,4.2
1529,15,27,4.2
1530,16,2,7.6
1531,1,17,14.8
1532,2,9,14.7
1533,3,32,26.2
1534,4,29,18.2
1535,5,11,9.2
1536,6,7,28.1
1537,7,19,42.1
1538,8,28,23.2
1539,9,5,14.9
1540,10,18,27.4
1541,11,9,22.3
1542,12,22,13.6
1543,13,1,12.4
1544,14,7,9.3
1545,15,18,19.5
1546,16,4,34
1547,1,18,20.9
1548,2,31,24.2
1549,3,1,10.5
1550,4,11,7
1551,5,32,37.5
1552,6,12,21.84
1553,7,28,42
1554,8,22,37.2
1555,9,17,39.8
1556,10,9,41.9
1557,11,18,28.16
1558,12,10,31.2
1559,13,9,29.2
1560,14,12,32.4
1561,15,19,13.3
1562,16,29,8
1563,1,9,14
1564,2,32,12.4
1565,3,29,12.1
1566,4,30,20.6
1567,5,25,11.8
1568,6,19,15.6
1569,7,7,19.9
1570,8,12,25.9
1571,9,19,19.3
1572,10,8,5.7
1573,11,32,25.2
1574,12,29,16.5
1575,13,3,25.9
1576,14,18,24.7
1577,16,14,40.6
1578,1,12,16.3
1579,2,22,26.8
1580,3,11,5.7
1581,4,2,15.1
1582,5,21,5.2
1583,6,8,10.5
1584,7,15,11.4
1585,8,1,14
1586,9,7,14.9
1587,11,22,12.4
1588,12,1,6.4
1589,13,18,22.2
1590,14,23,15.6
1591,15,9,18
1592,16,11,5
1593,1,32,14.6
1594,2,19,9.7
1595,3,28,15.9
1596,4,15,7.2
1597,5,12,11.5
1598,6,3,4.2
1599,7,18,3.8
1600,8,25,16.9
1601,9,20,5.9
1602,10,30,11.2
1603,11,14,0.5
1604,12,28,11.5
1605,13,19,18.1
1606,14,9,13.2
1607,15,32,10.8
1608,16,7,12.6
1609,1,5,12.8
1610,2,4,2.6
1611,3,17,26.6
1612,4,7,14.3
1613,5,12,19.8
1614,6,15,2.7
1615,7,18,17.1
1616,8,9,25.7
1617,10,22,18.3
1618,11,1,3.7
1619,12,21,8.6
1620,13,22,26.3
1621,14,8,19.2
1622,15,1,0.9
1623,16,17,24.5
1624,1,23,17.1
1625,2,16,10.8
1626,3,19,7.8
1627,5,15,22.7
1628,6,20,12.6
1629,7,21,8.8
1630,8,26,21.5
1631,9,3,15.7
1632,10,4,4
1633,11,31,11.2
1634,12,20,14.3
1635,13,8,11.8
1636,14,16,16.4
1637,1,21,13.8
1638,2,18,7
1639,3,22,8.6
1640,4,7,3.4
1641,5,9,4.4
1642,6,8,5
1643,8,17,14.7
1644,9,31,5
1645,10,15,28.8
1646,11,11,13
1647,12,17,8.7
1648,13,12,14.1
1649,14,22,15.4
1650,15,11,15.8
1651,16,10,8.1
1652,1,29,27
1653,2,28,17.7
1654,3,16,5.4
1655,4,12,5.9
1656,5,18,17.2
1657,6,7,9
1658,7,3,12
1659,8,14,7.7
1660,9,30,23.3
1661,10,19,21.8
1662,11,28,22.5
1663,13,25,22.8
1664,14,19,23.8
1665,15,29,20.6
1666,16,9,18.5
1667,1,25,6.14
1668,2,30,6.6
1669,3,14,6.5
1670,4,19,22.7
1671,5,10,12.3
1672,6,29,5.7
1673,7,32,19.4
1674,8,5,9.3
1675,9,24,16.3
1676,10,6,12.2
1677,11,2,9.7
1678,12,14,3.2
1679,13,28,16.2
1680,14,21,14.4
1681,15,30,7.2
1682,16,25,2.4
1683,1,8,14.2
1684,2,21,13.4
1685,4,29,6.5
1686,5,24,20.6
1687,6,11,12.9
1688,7,17,7.3
1689,8,30,13.1
1690,9,22,10.8
1691,10,1,5.7
1692,13,21,7.2
1693,14,20,7.5
1694,15,8,3.8
1695,16,16,13.5
1696,1,6,16.4
1697,3,5,7
1698,5,23,13.3
1699,7,26,2.9
1700,8,4,6.7
1701,9,1,16.7
1702,10,16,21.1
1703,11,24,3.1
1704,12,23,10.2
1705,13,26,21.5
1706,14,4,3.9
1707,15,10,13.5
1708,16,2,10.5
1709,1,3,13.2
1710,3,30,17.1
1711,6,5,17.8
1712,7,29,25.3
1713,8,10,13
1714,9,14,5.5
1715,10,2,2.8
1716,11,19,14.3
1717,12,6,14
1718,13,32,15
1719,14,30,12.3
1720,15,14,6.9
1721,16,3,11
1722,1,2,9.4
1723,2,5,9.7
1724,3,6,15.3
1725,4,14,14.2
1726,5,3,6.5
1727,6,30,8
1728,7,2,12
1729,8,25,1.5
1730,11,4,19.1
1731,12,7,8.7
1732,13,6,18.5
1733,14,5,5.9
1734,15,31,17.5
1735,16,1,0.3
1736,1,30,3.2
1737,2,29,15.8
1738,3,24,11.9
1739,10,32,3.9
1740,11,25,20.1
1741,12,9,15.2
1742,13,29,6.2
1743,14,32,13.3
1744,15,7,26.2
1745,16,21,14.6
1746,1,14,5.3
1747,2,20,9.7
1748,3,26,21.1
1749,4,4,4.1
1750,5,24,1.7
1751,6,31,1.6
1752,7,23,9.3
1753,8,20,3.8
1754,9,16,9.1
1755,10,21,4.6
1756,11,8,10.8
1757,12,15,23.3
1758,13,16,18.5
1759,15,28,26.4
1760,16,24,18.4
1761,1,22,7
1762,2,25,19.1
1763,3,15,9.4
1764,4,8,10.7
1765,5,21,19.1
1766,6,16,10
1767,7,1,1.9
1768,8,21,10.4
1769,9,11,17.8
1770,10,17,6.9
1771,11,15,19.6
1772,12,32,14
1773,13,20,12.6
1774,15,24,18.2
1775,1,26,19.2
1776,2,24,16.4
1777,3,32,34.4
1778,5,20,12.6
1779,7,21,27.4
1780,8,4,10.6
1781,10,31,14.8
1782,11,23,23
1783,12,8,18.4
1784,14,24,25.7
1785,15,20,12.8
1786,16,15,3.2
1787,1,28,8.3
1788,2,12,7.6
1789,3,2,14.2
1790,4,1,7.9
1791,5,18,15.4
1792,6,22,18.6
1793,7,23,2.7
1794,9,18,3.5
1795,12,19,14.1
1796,13,7,13.1
1797,14,29,2.1
1798,15,17,3
1799,16,32,5.5
1800,1,20,17.5
1801,2,11,12.1
1802,3,23,7.3
1803,5,6,20.3
1804,6,26,8.3
1805,7,16,16.5
1806,8,31,7.9
1807,9,26,13.4
1808,10,24,13.5
1809,11,10,10.1
1810,12,5,7.6
1811,13,23,19.1
1812,14,31,3.7
1813,16,12,11.2
1814,1,15,7.4
1815,2,14,4.3
1816,3,21,6.9
1817,5,22,11.8
1818,6,1,5
1819,7,17,7.9
1820,8,20,14.1
1821,9,21,5.7
1822,10,28,6.3
1823,13,24,2.6
1824,14,11,4.7
1825,15,15,10.7
1826,2,17,12.2
1827,4,18,10.4
1828,5,8,6.8
1829,6,9,4
1830,7,6,19.2
1831,8,7,3.6
1832,9,15,9.4
1833,11,17,0.9
1834,12,12,17.8
1835,13,11,2.9
1836,14,1,3.1
1837,15,21,9.2
1838,16,26,6.5
1839,1,10,9.5
1840,2,6,14
1841,3,9,1.6
1842,4,17,12.7
1843,5,5,4.5
1844,6,10,16.7
1845,7,14,3.2
1846,8,23,15.3
1847,9,6,10.3
1848,10,25,9.1
1849,11,3,2.3
1850,12,30,21
1851,13,5,8
1852,14,26,8.1
1853,15,4,9
1854,16,31,24.6
1855,1,24,10.3
1856,2,26,11.9
1857,3,4,4.8
1858,4,6,13.5
1859,5,31,9
1860,7,9,4.3
1861,8,2,1.3
1862,9,10,7.2
1863,10,20,5
1864,11,16,8.9
1865,12,31,12.8
1866,13,4,8.9
1867,14,17,7.8
1868,15,26,0.1
1869,16,5,4.2
1870,1,7,3.5
1871,2,1,0.1
1872,3,22,5.4
1873,4,32,6.8
1874,5,9,1.1
1875,6,29,6.6
1876,7,11,5.5
1877,8,19,1.5
1878,9,9,6.4
1879,10,12,4.8
1880,11,7,11.8
1881,12,26,3.9
1882,13,17,5.3
1883,14,28,9.7
1884,15,12,8.8
1885,1,30,15.8
1886,2,9,13.6
1887,3,17,15.7
1888,4,32,7.1
1889,5,7,6.9
1890,6,27,17.7
1891,7,4,8.1
1892,8,19,25.6
1893,9,9,15.7
1894,10,13,4.5
1895,11,3,6.1
1896,12,18,12
1897,13,16,12.2
1898,14,17,18.6
1899,15,12,23
1900,16,13,23.1
1901,1,20,17.2
1902,2,6,21
1903,3,23,6.7
1904,4,2,14.4
1905,5,31,9.7
1906,6,15,13.8
1907,8,3,7.5
1908,9,32,7.8
1909,10,24,12.1
1910,11,20,8.9
1911,12,21,11.4
1912,13,6,7
1913,15,29,9.7
1914,16,31,19.6
1915,1,21,8.7
1916,2,18,19.3
1917,3,20,14.2
1918,4,27,6.6
1919,5,6,10.2
1920,6,28,12.7
1921,7,24,19.4
1922,8,23,5.9
1923,9,21,11.3
1924,10,19,5.2
1925,11,30,8.9
1926,12,24,6.1
1927,13,4,14.7
1928,14,10,10.9
1929,1,16,18.28
1930,2,4,5.8
1931,3,7,15.5
1932,4,14,21.4
1933,5,28,14
1934,6,26,45.4
1935,7,22,9.1
1936,8,12,13.7
1937,9,1,15.7
1938,10,10,21.5
1939,11,23,12.2
1940,12,14,31.7
1941,13,8,29.3
1942,14,32,24.3
1943,15,28,17.4
1944,16,26,12.3
1945,1,4,4.8
1946,2,23,8.7
1947,3,30,11.1
1948,4,18,5.5
1949,5,17,5
1950,6,9,14.1
1951,7,24,6.7
1952,8,18,10.4
1953,10,2,12.4
1954,11,13,5.7
1955,12,30,16
1956,13,21,11.9
1957,14,4,3.2
1958,15,8,6.3
1959,16,14,17.3
1960,1,2,2.6
1961,2,24,27.6
1962,3,26,7.8
1963,4,23,12.4
1964,5,4,1.1
1965,7,31,6.1
1966,8,6,34.4
1967,9,2,2.3
1968,10,23,18.2
1969,11,22,20.7
1970,12,27,14.6
1971,13,19,25.7
1972,14,18,17.4
1973,15,24,13.4
1974,16,20,12.9
1975,1,24,11.1
1976,2,19,16.3
1977,3,27,12.1
1978,4,21,13.6
1979,5,20,13.6
1980,6,31,13
1981,7,18,17.5
1982,8,2,10.2
1983,9,24,11
1984,10,21,18.6
1985,11,5,12.1
1986,12,4,21.9
1987,13,1,3.2
1988,14,30,10.6
1989,15,6,1
1990,1,28,15.9
1991,2,2,8.5
1992,3,4,14
1993,4,19,13.9
1994,5,13,9.8
1995,6,23,15.8
1996,7,19,8.7
1997,8,24,26.32
1998,9,30,16.5
1999,13,30,8.7
2000,14,21,8.2
2001,15,17,17.2
2002,16,9,12.7
2003,1,7,13.1
2004,3,32,40.1
2005,5,19,15.6
2006,6,16,11.9
2007,7,12,21.2
2008,8,13,21.5
2009,10,30,14.8
2010,11,4,15.2
2011,12,6,19.9
2012,13,17,19.4
2013,14,13,14.4
2014,16,18,9.9
2015,2,8,14.7
2016,3,22,21.1
2017,4,28,20.6
2018,6,10,10.7
2019,7,15,28.9
2020,8,4,28.6
2021,9,5,7.2
2022,10,14,16.6
2023,11,29,11.8
2024,12,10,6.7
2025,13,23,26.1
2026,14,26,9.7
2027,15,22,9.1
2028,16,8,3.5
2029,1,27,13.6
2030,2,31,20.5
2031,3,2,5.1
2032,4,6,10.1
2033,5,23,7.5
2034,6,17,11.1
2035,9,6,7.9
2036,10,31,6.3
2037,11,27,33.4
2038,12,15,11.1
2039,13,12,7.7
2040,14,24,14.7
2041,15,3,19.2
2042,16,21,11.5
2043,1,31,8.1
2044,2,22,3.1
2045,3,29,25.5
2046,4,3,6.1
2047,6,27,4.9
2048,7,1,12.7
2049,8,8,6.9
2050,9,29,6.4
2051,10,7,10.8
2052,12,20,15.3
2053,13,10,2.9
2054,14,6,4.7
2055,15,13,1.7
2056,16,3,5.7
2057,1,5,1.8
2058,2,14,3.2
2059,3,13,2.4
2060,4,32,3.7
2061,5,7,4.4
2062,6,12,3.9
2063,7,9,5.4
2064,8,32,5.2
2065,9,26,2
2066,10,6,7.6
2067,11,28,14.6
2068,12,17,14.9
2069,14,12,7.7
2070,15,7,17.8
2071,1,15,2.1
2072,2,20,9.6
2073,3,3,13.3
2074,8,21,11
2075,10,20,11.2
2076,11,6,16.5
2077,12,29,22.7
2078,13,24,11.7
2079,14,7,23
2080,15,2,16.6
2081,16,27,5.6
2082,1,12,8.1
2083,2,10,11.4
2084,3,15,4.8
2085,4,22,7.1
2086,5,8,3.9
2087,6,17,2.8
2088,8,20,16
2089,9,15,20
2090,10,3,7.2
2091,11,1,8
2092,12,31,4
2093,14,3,1.9
2094,15,27,2.3
2095,16,6,14
2096,1,8,1.6
2097,2,29,6.7
2098,3,28,8.4
2099,4,14,6
2100,5,22,8.8
2101,6,1,5.3
2102,7,3,6.8
2103,9,8,10.5
2104,10,5,8.5
2105,11,18,17.8
2106,12,1,10.4
2107,13,15,19.6
2108,14,2,20.7
2109,15,26,17.1
2110,1,32,1.9
2111,2,28,1.3
2112,3,21,5.7
2113,4,30,17.9
2114,5,5,2.6
2115,6,14,2
2116,7,8,9.7
2117,8,22,17.9
2118,9,16,8.4
2119,10,12,8.9
2120,11,14,21.7
2121,12,28,22.4
2122,13,7,5.7
2123,14,1,15.6
2124,1,6,0
2125,3,31,19.5
2126,4,15,11.6
2127,5,1,2.9
2128,6,8,4.6
2129,7,32,19.1
2130,8,10,7.4
2131,9,27,19.7
2132,10,29,16.8
2133,13,22,22.6
2134,14,29,17.9
2135,15,20,3.2
2136,1,3,17.7
2137,2,27,13.5
2138,3,24,10.8
2139,4,20,8.3
2140,5,2,3.2
2141,7,31,6.5
2142,8,21,3.3
2143,12,9,12.5
2144,13,27,3.8
2145,14,15,2.3
2146,15,23,14.7
2147,16,29,9.1
2148,1,13,2.6
2149,5,19,14
2150,6,29,8.8
2151,7,20,18.3
2152,8,30,13.7
2153,9,13,10.5
2154,10,32,14.3
2155,13,9,4.1
2156,15,18,26.9
2157,16,4,17.1
2158,1,5,3.3
2159,2,14,11
2160,3,13,9.4
2161,4,32,7.4
2162,5,7,12.9
2163,6,12,8.5
2164,7,9,6.5
2165,8,32,6
2166,9,26,15.3
2167,10,6,14.7
2168,11,28,4.7
2169,1,14,3.3
2170,2,15,5.4
2171,4,29,7.4
2172,5,30,10.5
2173,7,8,1
2174,8,5,4.5
2175,9,26,18.2
2176,11,21,8.5
2177,12,8,17.1
2178,13,3,3.2
2179,14,28,13.1
2180,16,10,20.8
2181,2,17,2.1
2182,3,5,0.7
2183,4,12,1.8
2184,5,16,0.7
2185,7,28,9.2
2186,8,14,19.9
2187,9,12,9
2188,10,15,19.2
2189,11,32,21.8
2190,12,13,22.2
2191,13,26,9.8
2192,14,31,16.9
2193,15,16,11.7
2194,1,19,7.2
2195,2,5,7.7
2196,3,18,10.3
2197,7,30,3.1
2198,9,1,5.9
2199,10,18,7.9
2200,11,9,9.1
2201,12,23,12.3
2202,13,2,1.8
2203,14,19,16.4
2204,15,30,21.6
2205,16,17,18.6
2206,1,23,0.1
2207,2,21,12.1
2208,3,6,6.3
2209,4,4,8.2
2210,5,14,33.7
2211,6,19,9.4
2212,7,2,10.1
2213,8,18,4.9
2214,9,23,9.5
2215,10,27,10.9
2216,11,8,2.3
2217,12,2,5.8
2218,13,31,5.4
2219,14,20,19
2220,15,21,14
2221,1,23,7.6
2222,2,21,19.1
2223,3,6,4.2
2224,5,14,0.8
2225,8,18,1.7
2226,9,23,4.8
2227,10,27,2.7
2228,11,8,14.8
2229,12,2,9.4
2230,13,31,15.3
2231,14,20,2.3
2232,1,18,18.3
2233,2,26,13.6
2234,3,10,9.5
2235,4,1,13.1
2236,5,5,6.5
2237,6,2,5.1
2238,8,32,4.4
2239,12,26,14.9
2240,13,14,8.4
2241,14,22,2.7
2242,15,5,1.1
2243,1,22,8.7
2244,2,16,8.7
2245,3,12,3.7
2246,4,5,14.8
2247,5,10,1.5
2248,6,24,18.3
2249,7,26,19.3
2250,8,7,21.5
2251,1,32,34.6
2252,2,10,4.8
2253,3,29,28.4
2254,4,12,5.5
2255,5,22,18.1
2256,6,16,5.4
2257,7,4,5.8
2258,8,24,13.9
2259,10,30,20.1
2260,11,12,35.7
2261,12,15,10
2262,14,10,24.2
2263,15,13,13
2264,16,31,24.8
2265,1,7,1.7
2266,3,10,3.4
2267,4,4,0.5
2268,5,32,1.9
2269,6,11,2.3
2270,7,13,0.2
2271,8,32,4.5
2272,9,2,14.5
2273,1,5,8.4
2274,3,28,14.7
2275,4,20,13.5
2276,5,4,21.8
2277,6,31,26.3
2278,7,17,22.3
2279,8,32,13.2
2280,9,1,12.4
2281,10,20,7.4
2282,11,25,15.9
2283,12,5,3.7
2284,13,3,2.6
2285,14,19,8.3
2286,15,4,14.1
2287,16,23,12
2288,1,7,20.1
2289,2,12,11.3
2290,3,10,21.5
2291,4,4,8.5
2292,5,32,18.1
2293,6,11,17
2294,7,13,13.3
2295,8,32,13.1
2296,9,2,18.6
2297,10,22,10.4
2298,11,31,24.6
2299,12,13,18.5
2300,13,21,10.6
2301,15,22,16.1
2302,16,27,7.5
2303,1,13,9.2
2304,2,32,2
2305,3,20,3.4
2306,4,10,-0.4
2307,5,11,8.3
2308,6,25,9
2309,7,7,17.7
2310,8,2,8.6
2311,9,13,13.5
2312,10,16,21.1
2313,12,12,3.9
2314,13,27,17.2
2315,14,21,8.8
2316,15,16,14.1
2317,16,32,10.9
2318,1,12,11.2
2319,2,30,4
2320,3,18,20.7
2321,4,24,23.5
2322,5,9,5.7
2323,6,8,11.8
2324,7,14,6.7
2325,9,29,11.7
2326,10,1,16.2
2327,11,7,11.4
2328,12,11,12.6
2329,13,24,15.1
2330,14,29,13.4
2331,15,10,11
2332,16,30,27.6
2333,1,9,16.3
2334,2,8,7.5
2335,3,15,3.4
2336,4,28,6.9
2337,5,19,25.8
2338,6,24,15.9
2339,7,29,12
2340,8,14,16.7
2341,9,31,32.9
2342,10,8,17.9
2343,11,2,17.7
2344,12,30,27.9
2345,13,23,12.8
2346,14,14,14.2
2347,15,25,9.6
2348,16,9,2.4
2349,1,20,7.6
2350,2,1,6.6
2351,3,3,7.7
2352,4,19,15.4
2353,5,5,15.2
2354,7,21,14.8
2355,8,3,6.2
2356,9,30,14.4
2357,10,14,6.5
2358,11,27,4.8
2359,12,7,8.4
2360,13,2,1
2361,14,4,4.6
2362,15,19,7.6
2363,16,1,9.4
2364,1,1,4.9
2365,2,2,18.4
2366,3,21,17.6
2367,4,7,21.6
2368,5,9,6.1
2369,6,32,14.9
2370,7,19,12.6
2371,8,13,11.8
2372,9,3,2.4
2373,10,7,21.6
2374,11,17,7.3
2375,12,21,30.2
2376,13,22,14
2377,14,2,11.5
2378,15,24,10.2
2379,16,16,16.8
2380,1,4,7.4
2381,2,5,9
2382,3,25,12.8
2383,4,14,24.8
2384,6,20,35.6
2385,8,28,1.7
2386,12,9,11
2387,13,28,8.6
2388,14,25,18.7
2389,15,23,11.9
2390,16,11,33.5
2391,1,25,15.4
2392,2,21,12.7
2393,3,24,23.4
2394,4,31,8.1
2395,5,28,5.4
2396,6,15,15.2
2397,7,9,15.5
2398,8,18,6.8
2399,9,8,4.6
2400,10,17,23.7
2401,11,29,16.4
2402,12,23,11.5
2403,13,9,3.5
2404,14,18,14
2405,15,30,9.4
2406,1,28,21.1
2407,2,25,13.9
2408,3,32,22.2
2409,5,8,13.8
2410,6,4,17.7
2411,7,5,6.1
2412,8,25,15.9
2413,9,28,10.5
2414,10,31,21.4
2415,11,20,3.2
2416,12,14,6.9
2417,13,18,12.5
2418,1,31,21.2
2419,2,20,28.3
2420,3,1,1.2
2421,7,11,32.9
2422,8,25,9.6
2423,9,5,5.9
2424,10,19,7.1
2425,11,3,3.4
2426,12,28,37
2427,13,5,32.3
2428,14,17,6.7
2429,16,20,4.2
2430,2,31,9.5
2431,3,19,9.5
2432,4,25,26.5
2433,5,17,12.7
2434,6,23,19.5
2435,7,1,5.3
2436,8,20,17.7
2437,9,4,22.6
2438,10,3,19.3
2439,13,4,5.2
2440,15,12,27.2
2441,1,30,10.9
2442,2,29,4.3
2443,6,18,8.1
2444,7,3,2.2
2445,8,11,2.3
2446,9,12,9.8
2447,10,9,5.7
2448,11,30,11.5
2449,12,29,12.5
2450,13,15,5.9
2451,14,8,7
2452,15,27,9.7
2453,16,10,1.1
2454,5,20,3
2455,6,18,0.6
2456,7,1,6.2
2457,8,27,6.9
2458,9,21,16.9
2459,10,4,7.9
2460,11,1,3.9
2461,12,3,1.8
2462,13,7,5.8
2463,15,17,15.1
2464,16,29,19
2465,1,27,31.8
2466,2,17,10.5
2467,3,4,2
2468,10,15,11.9
2469,11,19,3.7
2470,12,8,8.7
2471,13,20,2.5
2472,14,3,5.6
2473,15,2,3.1
2474,16,17,17.6
2475,1,8,8.6
2476,2,24,2.2
2477,3,11,18.1
2478,4,30,29.8
2479,5,12,0.2
2480,11,14,10.5
2481,12,24,15.2
2482,13,30,3.6
2483,14,15,11.46
2484,15,9,16.8
2485,16,19,1.8
2486,2,11,13
2487,3,16,5.8
2488,4,22,8.6
2489,5,30,8.7
2490,6,12,13.3
2491,7,25,5.8
2492,8,20,0.8
2493,10,13,11.8
2494,11,32,18.7
2495,13,12,6.2
2496,14,11,9
2497,15,15,3.9
2498,16,24,4.1
2499,2,17,13.5
2500,3,1,6.1
2501,4,2,6.6
2502,5,7,4.4
2503,6,9,19.2
2504,7,24,9.7
2505,9,27,24.1
2506,10,5,2.5
2507,11,4,0.8
2508,14,1,3.3
2509,15,20,18.9
2510,16,21,10.9
2511,1,18,3.9
2512,2,28,2.9
2513,3,8,11.9
2514,4,15,3.9
2515,5,27,11
2516,6,3,1.6
2517,7,14,9.9
2518,8,30,3.9
2519,9,25,18.6
2520,10,24,5.5
2521,11,8,10
2522,12,31,5.4
2523,13,14,4.2
2524,14,23,3.4
2525,15,29,12.4
2526,16,18,5.3
2527,1,17,22.7
2528,2,5,5.3
2529,3,28,2.2
2530,5,25,16.2
2531,6,16,28.7
2532,7,23,18.4
2533,8,25,13
2534,9,24,13.7
2535,10,5,10.3
2536,11,9,14.6
2537,12,16,10.9
2538,13,27,21.7
2539,14,14,5.2
2540,15,8,16.5
2541,16,6,19.8
2542,1,26,6.7
2543,3,7,14.3
2544,4,4,8.5
2545,5,10,8.9
2546,6,24,12.8
2547,7,8,13.3
2548,8,32,22.6
2549,10,15,17.6
2550,11,26,17.6
2551,12,22,12.1
2552,13,28,5.3
2553,14,17,12.3
2554,16,4,6.3
2555,1,7,2.7
2556,2,13,1.2
2557,3,26,2.3
2558,4,32,6.2
2559,1,12,16.8
2560,2,7,14.1
2561,3,13,14.1
2562,4,21,8.6
2563,5,3,19.6
2564,6,17,10.5
2565,7,22,24.9
2566,8,3,17.7
2567,9,13,2.2
2568,12,32,12.5
2569,13,10,10
2570,14,11,7.2
2571,15,29,14
2572,1,22,12.7
2573,2,6,10.8
2574,3,31,10.4
2575,4,10,10.1
2576,5,32,10.7
2577,6,21,21.1
2578,7,10,5.1
2579,8,27,15.6
2580,9,2,8.7
2581,10,4,20.5
2582,11,32,10.3
2583,12,3,4.1
2584,13,22,26.4
2585,14,13,9.7
2586,15,26,21.7
2587,16,15,11.1
2588,1,7,5.5
2589,2,13,6.2
2590,3,26,10.6
2591,4,32,20
2592,5,14,4
2593,6,6,4.9
2594,7,21,24.1
2595,8,15,10.7
2596,9,4,16.1
2597,10,19,7.4
2598,11,10,6.1
2599,12,31,13.6
2600,13,7,6.8
2601,14,3,4.9
2602,15,10,6.7
2603,16,32,12.4
2604,1,29,12
2605,2,11,8.2
2606,3,21,13.5
2607,4,5,15.2
2608,5,6,20.3
2609,6,10,31.4
2610,7,12,16.8
2611,8,6,19.5
2612,9,21,16.4
2613,10,8,13.5
2614,11,13,15.5
2615,12,7,7.1
2616,13,32,27.9
2617,14,22,10.4
2618,15,13,15.5
2619,16,23,8.9
2620,1,6,1.9
2621,2,21,9.7
2622,3,23,15
2623,4,2,11.6
2624,5,5,10.4
2625,6,11,4.3
2626,7,3,7.5
2627,8,13,0.3
2628,10,11,6.6
2629,11,30,16.7
2630,12,29,20.6
2631,13,8,7.6
2632,14,23,8.1
2633,15,19,9.5
2634,16,29,21.8
2635,1,28,0.6
2636,2,22,5.2
2637,3,6,31.1
2638,4,11,15.3
2639,5,32,11.7
2640,6,21,4.8
2641,7,10,16.4
2642,8,12,4.1
2643,9,6,17.6
2644,10,29,11.7
2645,11,3,16.3
2646,12,23,7
2647,13,21,17.1
2648,14,7,8
2649,15,3,12
2650,1,14,11.8
2651,2,8,7.2
2652,3,11,14.4
2653,4,16,15.6
2654,5,1,13.8
2655,7,1,6.8
2656,8,5,9.6
2657,9,27,10.7
2658,10,9,31.8
2659,11,16,15.5
2660,12,5,8.1
2661,13,24,15.5
2662,14,28,14.9
2663,15,17,6.1
2664,16,13,3.5
2665,1,15,16.8
2666,2,26,36.6
2667,3,10,0.4
2668,6,17,4.7
2669,7,8,19.4
2670,8,28,21.8
2671,9,22,18.5
2672,10,7,12.8
2673,11,24,10.7
2674,12,26,4.2
2675,13,15,23.7
2676,14,19,12.6
2677,15,32,19.2
2678,16,31,25.2
2679,2,2,5.8
2680,3,27,15.2
2681,4,29,8.8
2682,5,23,7.5
2683,7,15,14.7
2684,8,19,10.7
2685,9,11,6.8
2686,10,14,11.2
2687,11,12,5.7
2688,12,2,23.3
2689,13,19,10.9
2690,15,9,0.1
2691,1,23,9.6
2692,4,13,1.4
2693,5,12,10
2694,6,29,7.3
2695,7,23,17.6
2696,8,30,3
2697,9,19,21.6
2698,10,12,13.3
2699,11,29,14.4
2700,12,21,14.5
2701,13,2,11.9
2702,14,6,11.7
2703,15,28,18.3
2704,1,19,6.7
2705,2,14,7.9
2706,3,2,1.6
2707,5,27,15
2708,6,16,4.5
2709,7,15,20.7
2710,9,14,20.2
2711,10,25,4.3
2712,11,1,3.5
2713,12,27,18.6
2714,13,5,2.9
2715,14,10,24.3
2716,15,30,28.2
2717,1,24,11.7
2718,2,25,3.9
2719,3,15,13.1
2720,4,26,15.6
2721,5,28,14
2722,6,31,12.7
2723,7,4,11.48
2724,8,17,23.2
2725,9,5,18.8
2726,10,3,14.1
2727,11,17,8.2
2728,12,28,21.6
2729,13,12,11.6
2730,14,24,7.3
2731,15,1,10
2732,2,12,3.2
2733,3,3,8.5
2734,4,6,13.2
2735,5,16,2.1
2736,6,13,2.6
2737,7,7,3
2738,8,22,1.9
2739,9,3,0.8
2740,11,6,21.7
2741,12,11,1.9
2742,13,13,47.8
2743,14,29,18.8
2744,15,23,20.7
2745,1,16,4.1
2746,2,1,2.3
2747,3,14,1.7
2748,4,3,2.3
2749,5,12,2.1
2750,6,28,19.3
2751,7,27,10.3
2752,8,25,14.2
2753,9,8,10.6
2754,10,1,19.7
2755,12,25,4.9
2756,13,9,11.1
2757,14,16,14.1
2758,15,24,2.2
2759,1,3,3.7
2760,3,19,7
2761,4,30,0.4
2762,5,2,6.3
2763,7,11,3.4
2764,8,24,7.5
2765,9,23,17.7
2766,10,13,18.6
2767,11,11,18.7
2768,12,12,9.9
2769,13,16,24.1
2770,14,21,23
2771,15,6,12.4
2772,16,12,38.2
2773,1,25,6.5
2774,2,9,15
2775,3,5,9.6
2776,4,4,27.7
2777,5,22,10.6
2778,6,2,11
2779,9,9,11.1
2780,11,27,3.3
2781,14,1,0.7
2782,2,2,4.5
2783,3,27,10.4
2784,4,29,6.4
2785,5,23,28.5
2786,7,15,0.7
2787,8,19,8.1
2788,9,11,6.6
2789,10,14,3.4
2790,12,2,2.7
2791,13,19,16.1
2792,15,9,5.6
2793,16,10,4.6
2794,1,1,4.9
2795,2,30,7.5
2796,4,16,7.8
2797,5,13,14
2798,6,21,4.9
2799,7,24,26.4
2800,8,9,22.7
2801,9,3,3.9
2802,10,12,18.7
2803,11,2,17.4
2804,12,9,14.8
2805,13,26,30.4
2806,14,25,8.2
2807,16,26,10.7
2808,1,30,8.7
2809,2,20,12.5
2810,4,25,12.4
2811,5,19,12.6
2812,6,10,17.1
2813,7,9,14.5
2814,8,26,6.3
2815,9,16,20.8
2816,10,5,6.1
2817,11,32,6.6
2818,12,30,17.5
2819,14,11,16.4
2820,15,16,12.7
2821,16,25,8.4
2822,1,23,41.8
2823,3,31,10.6
2824,4,20,30.9
2825,5,17,2.7
2826,6,11,21.7
2827,7,23,22.7
2828,8,10,31.7
2829,9,27,12
2830,10,6,24.3
2831,11,15,21.8
2832,12,21,22.9
2833,13,3,12.5
2834,14,15,6.1
2835,15,32,19.5
2836,16,27,31
2837,1,5,19.5
2838,2,15,7.2
2839,3,9,20.3
2840,4,3,20.8
2841,5,13,15.9
2842,6,14,4.3
2843,8,24,19
2844,9,8,5.5
2845,10,20,9.9
2846,11,28,19.1
2847,12,3,6.3
2848,13,24,7.5
2849,14,6,15.9
2850,15,26,14.3
2851,16,13,18
2852,1,8,9.4
2853,2,3,7.8
2854,3,26,21
2855,4,13,6
2856,5,9,18.3
2857,6,5,5.6
2858,7,14,8.1
2859,8,1,13.4
2860,9,23,3.1
2861,10,28,18.6
2862,11,6,4.1
2863,13,1,4.5
2864,14,13,21
2865,15,10,3.2
2866,16,3,6.5
2867,1,6,6.2
2868,2,24,11.7
2869,3,13,9.6
2870,4,1,2.9
2871,5,32,27.9
2872,6,8,12.6
2873,7,28,7.3
2874,8,14,18
2875,9,5,10.2
2876,10,26,19.1
2877,11,9,12.9
2878,12,1,5
2879,13,29,12
2880,15,13,9.2
2881,16,24,13.7
2882,1,26,13.3
2883,2,23,8.9
2884,3,15,15.8
2885,4,4,18.3
2886,5,29,8.9
2887,6,19,14.3
2888,7,31,11.8
2889,8,25,21.2
2890,9,31,13.5
2891,10,21,0.4
2892,11,27,10.3
2893,13,18,17.5
2894,14,21,8
2895,15,2,5.2
2896,1,9,10.5
2897,2,11,12.1
2898,3,3,24
2899,4,24,17
2900,5,5,11.7
2901,6,1,9
2902,8,8,32
2903,9,6,14.9
2904,10,27,20.3
2905,11,26,37.4
2906,12,14,7.9
2907,13,28,9.8
2908,14,24,8.2
2909,15,3,4
2910,16,1,1.6
2911,1,10,3.9
2912,2,13,8.8
2913,3,16,15.6
2914,4,23,1.9
2915,5,29,17
2916,6,27,18.5
2917,7,28,8.2
2918,8,20,3.2
2919,9,32,2.2
2920,10,30,19.1
2921,11,25,8.2
2922,12,32,10.7
2923,13,10,0.1
2924,14,12,13.8
2925,15,15,3.1
2926,16,20,1.5
2927,1,19,30.1
2928,2,31,12.6
2929,3,2,4.3
2930,4,17,3.3
2931,5,26,30.8
2932,6,25,11.1
2933,8,28,8.1
2934,9,18,7.8
2935,10,14,16.4
2936,11,21,13.9
2937,12,19,16
2938,13,8,6.1
2939,14,18,9.8
2940,15,6,22.9
2941,16,2,15.1
2942,1,10,16
2943,2,13,7.6
2944,3,16,15.4
2945,4,23,8.1
2946,5,29,11.7
2947,6,27,13.1
2948,7,28,23.8
2949,8,20,10
2950,9,32,18.1
2951,10,30,12.6
2952,11,25,21.6
2953,12,32,13.6
2954,13,10,4.9
2955,14,12,21.3
2956,15,15,23.7
2957,16,20,16
2958,1,15,21
2959,2,12,15.3
2960,3,30,18.2
2961,4,29,12.9
2962,7,32,43.6
2963,8,25,13.5
2964,9,11,9.4
2965,10,1,3
2966,11,14,6.5
2967,12,10,16.7
2968,13,27,38.9
2969,14,32,13.8
2970,15,23,7.6
2971,1,3,7.8
2972,2,8,10.2
2973,3,14,14.8
2974,4,28,27.5
2975,5,18,10.7
2976,6,32,18.7
2977,7,2,9.1
2978,8,19,10.2
2979,9,13,11
2980,10,29,10.7
2981,11,24,6.3
2982,12,8,6.1
2983,13,14,5.4
2984,14,1,5.5
2985,15,4,10.2
2986,1,25,8.3
2987,3,11,14.5
2988,4,5,13.7
2989,5,21,9.3
2990,6,20,14.9
2991,7,26,15.9
2992,8,32,18.5
2993,9,12,21.4
2994,10,9,6
2995,11,30,5.2
2996,3,1,8.7
2997,4,24,0.3
2998,6,12,7.2
2999,7,30,22.9
3000,8,5,4.6
3001,9,26,15.1
3002,10,16,8.2
3003,11,3,5.5
3004,12,5,16.3
3005,14,19,17
3006,15,25,16.7
3007,1,21,7.5
3008,2,28,9.9
3009,3,4,3.9
3010,4,19,3.4
3011,6,14,8.2
3012,7,18,16.4
3013,8,6,7.2
3014,9,31,18.8
3015,10,18,6.6
3016,11,5,3.6
3017,12,16,7.6
3018,13,19,2.8
3019,14,8,10.2
3020,15,17,4.9
3021,16,4,3.5
3022,2,4,1.9
3023,3,29,4.3
3024,4,15,12.6
3025,5,18,9.3
3026,6,17,6.2
3027,7,27,3.6
3028,8,2,1.6
3029,9,17,19.6
3030,10,19,6.6
3031,12,23,9.1
3032,13,21,14.3
3033,15,30,8.8
3034,16,21,7.7
3035,1,27,12.4
3036,2,25,17.8
3037,6,6,2.8
3038,7,20,21
3039,8,16,5.9
3040,9,11,21.6
3041,10,10,18
3042,11,12,15.8
3043,12,11,17.5
3044,13,30,17.3
3045,14,20,0.6
3046,15,29,4.1
3047,16,10,4.3
3048,1,17,1.2
3049,2,9,4.3
3050,3,24,7.1
3051,5,4,3.4
3052,6,16,2.9
3053,7,12,3.8
3054,11,13,9.8
3055,12,25,15.9
3056,13,5,11.3
3057,14,30,11.9
3058,15,1,8
3059,16,5,3.1
3060,1,4,15.6
3061,2,21,41.2
3062,3,18,3.9
3063,4,2,6.4
3064,5,12,9.6
3065,6,17,4.7
3066,8,6,8.8
3067,9,28,3.9
3068,10,31,1.7
3069,11,8,9.7
3070,12,4,4.2
3071,13,2,1.2
3072,14,9,13.7
3073,15,14,5.7
3074,3,12,4.6
3075,4,21,13
3076,5,2,6.7
3077,6,23,22.9
3078,7,4,10.5
3079,8,19,8.9
3080,13,9,18.2
3081,14,31,16.1
3082,15,27,12.9
3083,16,17,6.9
3084,1,14,12
3085,2,10,20.6
3086,3,32,2
3087,4,7,20.8
3088,5,19,11.6
3089,6,27,26.7
3090,7,23,12.2
3091,8,28,13.8
3092,10,8,14.9
3093,11,31,6.4
3094,12,4,4.4
3095,13,27,7.6
3096,14,11,12.5
3097,16,32,29.2
3098,1,1,26.9
3099,2,8,15.6
3100,3,26,16.4
3101,4,20,19
3102,5,4,16.1
3103,6,11,4.3
3104,7,17,27.9
3105,8,1,14.6
3106,9,7,12.14
3107,10,9,26.7
3108,11,2,8.3
3109,12,5,27.4
3110,13,28,18.9
3111,14,22,11.2
3112,15,5,19.5
3113,16,9,31.9
3114,1,2,4.7
3115,2,1,1.2
3116,3,17,7.5
3117,4,18,11.7
3118,5,25,17.1
3119,7,9,6.4
3120,8,16,20.3
3121,9,3,22.7
3122,10,26,14.9
3123,12,10,26.8
3124,13,26,18.3
3125,14,14,16.7
3126,15,2,19.1
3127,16,17,9.1
3128,1,7,7.8
3129,2,16,12.4
3130,3,9,2.2
3131,4,10,19.9
3132,5,32,18.3
3133,6,23,20.6
3134,7,5,19.4
3135,9,25,0.8
3136,10,17,9.4
3137,11,3,4.8
3138,12,26,7.3
3139,13,17,13.2
3140,14,1,12.5
3141,15,7,15.6
3142,16,26,0.9
3143,2,6,4
3144,4,1,22.6
3145,5,29,18.4
3146,6,3,10.1
3147,7,8,41.4
3148,8,11,18.4
3149,9,5,21
3150,10,32,30.6
3151,11,11,12.9
3152,12,18,21.2
3153,13,9,5.4
3154,14,27,20.7
3155,15,28,23.4
3156,1,5,18.3
3157,2,24,7.6
3158,3,2,6.4
3159,4,30,10.4
3160,5,11,5.3
3161,6,28,12.2
3162,8,8,7.8
3163,9,1,6.2
3164,10,3,16.1
3165,11,5,19
3166,12,1,5.2
3167,13,4,9.1
3168,14,26,14.7
3169,15,17,2.5
3170,16,3,6.1
3171,1,10,11.6
3172,3,3,2.3
3173,5,19,12.5
3174,6,16,13.3
3175,8,17,14.2
3176,9,5,13.1
3177,10,7,6.1
3178,11,17,7.8
3179,12,2,3
3180,13,7,18.3
3181,14,9,14.3
3182,15,1,12.7
3183,16,2,9.1
3184,1,24,3
3185,2,30,8.3
3186,3,20,11.7
3187,4,15,14.1
3188,5,4,0.9
3189,6,5,3.7
3190,7,12,11.1
3191,8,24,18.9
3192,9,22,30.2
3193,10,31,16.9
3194,11,14,15.3
3195,12,6,4.5
3196,13,19,15.7
3197,14,23,13.9
3198,15,12,9.4
3199,16,22,7.9
3200,1,16,3.3
3201,2,11,11.5
3202,3,29,10.6
3203,4,3,2.3
3204,5,15,15.2
3205,6,6,7.7
3206,7,22,11.7
3207,8,30,7.6
3208,9,15,7.5
3209,10,24,1.4
3210,11,30,9
3211,13,12,24.7
3212,14,10,7.3
3213,15,25,7.8
3214,16,6,5.5
3215,1,29,3.5
3216,2,9,16.6
3217,3,8,11.4
3218,4,19,11.3
3219,5,22,14.5
3220,6,6,5.6
3221,8,29,28.3
3222,9,12,1.7
3223,10,20,-0.2
3224,11,22,11.7
3225,12,31,15.1
3226,13,14,3.6
3227,14,15,7
3228,15,30,6.4
3229,16,12,14.5
3230,1,3,2.5
3231,2,7,13.8
3232,3,28,4.6
3233,4,4,8.5
3234,6,11,20.6
3235,7,17,3.7
3236,8,15,9.2
3237,9,3,11.5
3238,10,9,19
3239,11,12,6.7
3240,12,9,18
3241,13,5,7.6
3242,14,2,8.9
3243,15,26,21.1
3244,16,5,4.5
3245,1,31,11.8
3246,2,15,18.6
3247,3,12,26.9
3248,4,6,14.9
3249,5,24,13.2
3250,6,20,6.5
3251,7,12,9.2
3252,9,29,5.7
3253,10,14,3.1
3254,11,24,14.2
3255,12,11,17.4
3256,13,30,14.8
3257,14,3,22.9
3258,15,23,7.4
3259,1,15,15.4
3260,2,4,2.1
3261,3,5,0.5
3262,4,22,6.5
3263,5,20,7.8
3264,6,24,4.6
3265,7,25,12
3266,8,12,20.2
3267,10,30,12.6
3268,11,16,9.6
3269,12,29,16
3270,13,10,13
3271,14,30,24.9
3272,15,15,13.9
3273,1,18,21.8
3274,3,19,8.2
3275,4,27,28.8
3276,5,23,15.1
3277,6,31,12.3
3278,7,32,24.3
3279,8,10,11
3280,9,23,12.7
3281,10,22,8.3
3282,11,29,8.4
3283,12,12,1.2
3284,1,23,1.5
3285,2,31,19.1
3286,3,18,9.4
3287,4,28,20.1
3288,5,2,6.5
3289,9,4,3.4
3290,10,19,17.3
3291,11,8,11.9
3292,12,27,1.9
3293,13,11,12
3294,14,16,2.1
3295,15,27,1.1
3296,16,18,2.6
3297,1,28,15.6
3298,2,6,13.5
3299,4,1,2
3300,6,3,4.1
3301,7,8,10.4
3302,8,11,2.2
3303,9,5,17.5
3304,10,32,12.3
3305,11,11,2.6
3306,12,18,4.1
3307,13,9,7.7
3308,14,27,3
3309,15,28,18.1
3310,2,26,10.4
3311,3,10,19.9
3312,4,17,9
3313,5,7,10.5
3314,6,30,31
3315,7,6,8.8
3316,12,19,4.7
3317,13,16,1.9
3318,15,20,18.2
3319,16,16,18.9
3320,1,20,1.3
3321,2,2,2.5
3322,4,23,1.1
3323,5,15,4.1
3324,6,26,31.3
3325,7,10,7.2
3326,8,7,18.6
3327,9,30,23.1
3328,11,6,12.8
3329,12,17,3.8
3330,13,25,3.1
3331,1,9,8.7
3332,2,28,21.7
3333,4,8,6.9
3334,5,29,1.4
3335,11,9,6.1
3336,12,3,9.7
3337,13,1,2.5
3338,14,17,16.8
3339,15,3,11.2
3340,16,1,2.7
3341,1,30,0.3
3342,2,23,4
3343,3,22,3.3
3344,4,31,3.7
3345,5,28,6.2
3346,6,29,1.9
3347,7,22,1
3348,8,6,0.5
3349,9,24,0.4
3350,10,15,4.8
3351,11,1,4.4
3352,12,14,3.6
3353,13,20,1.2
3354,14,19,7.5
3355,15,29,5.1
3356,16,24,4.2
3357,2,26,12.7
3358,3,10,14.1
3359,4,17,7.8
3360,7,6,1
3361,8,15,16
3362,9,2,7.2
3363,10,10,3.2
3364,12,19,11.9
3365,13,16,22.1
3366,15,20,5.5
3367,16,16,1.6
3368,1,25,0.2
3369,2,17,11.2
3370,3,16,3.2
3371,4,26,3.5
3372,5,10,1.7
3373,6,27,0.5
3374,7,30,2
3375,8,2,12.6
3376,9,6,5.4
3377,10,16,3.8
3378,11,7,22.2
3379,12,20,18.2
3380,13,15,13.2
3381,14,25,6.9
3382,16,10,11.3
3383,1,7,19.5
3384,2,30,20.7
3385,3,4,16.8
3386,4,32,15.4
3387,5,20,22.8
3388,6,11,16.1
3389,7,12,22.3
3390,8,26,17.1
3391,9,3,17.7
3392,10,30,8.5
3393,11,27,23.7
3394,12,32,11.3
3395,13,10,14.5
3396,14,21,16.9
3397,15,14,0.9
3398,16,21,17.9
3399,2,15,8.9
3400,3,8,13.8
3401,4,23,16.9
3402,5,5,13.5
3403,6,14,11.6
3404,7,13,11
3405,8,6,5.9
3406,9,18,7.6
3407,10,29,8.3
3408,11,24,17.3
3409,12,13,10.4
3410,13,12,16.9
3411,14,19,21.3
3412,15,29,16.8
3413,16,24,39.2
3414,1,18,11.8
3415,2,13,12.6
3416,3,24,7.4
3417,5,25,13.1
3418,7,14,33.4
3419,8,28,51.2
3420,9,16,11.9
3421,10,18,14.1
3422,11,5,18.3
3423,12,4,9.8
3424,13,29,19.2
3425,15,15,11.9
3426,16,5,22
3427,1,17,9.7
3428,2,24,18.2
3429,3,11,9.9
3430,4,15,21.5
3431,5,18,9.4
3432,6,10,5.2
3433,7,2,11.6
3434,8,27,16.6
3435,9,14,21
3436,10,20,19.1
3437,11,7,4.7
3438,12,3,13.8
3439,13,17,30.8
3440,14,26,18.7
3441,15,2,25
3442,16,15,11.4
3443,1,32,21.2
3444,2,17,9.5
3445,3,12,3.7
3446,4,26,22.6
3447,5,4,19.1
3448,6,1,3.4
3449,7,20,6.5
3450,8,15,18.7
3451,9,26,15.8
3452,10,21,8.8
3453,11,20,15.7
3454,12,7,13.1
3455,13,9,13.2
3456,14,2,0.3
3457,15,30,8.4
3458,16,7,19.4
3459,1,5,8.7
3460,2,26,2.2
3461,4,16,19.1
3462,5,12,16.1
3463,6,23,4.7
3464,7,28,1
3465,8,16,6.6
3466,9,6,16
3467,10,8,11.8
3468,11,4,10.7
3469,12,18,13.8
3470,13,19,22.5
3471,14,28,2.8
3472,15,21,27
3473,16,4,6.7
3474,1,26,15.4
3475,2,6,2.3
3476,3,7,4.9
3477,4,2,3.4
3478,5,9,4.5
3479,6,21,34.1
3480,7,10,14.8
3481,8,7,10.6
3482,9,1,6.3
3483,10,15,6.4
3484,11,10,6
3485,12,17,10.4
3486,13,30,13.7
3487,14,32,6.9
3488,15,16,20
3489,16,26,7.7
3490,1,29,4.4
3491,2,8,26.5
3492,3,26,11.1
3493,4,12,16.4
3494,5,13,18.8
3495,6,8,5.4
3496,7,21,1.9
3497,8,16,19.4
3498,9,12,13.6
3499,10,24,14.4
3500,11,6,17.2
3501,12,28,15.5
3502,13,25,17.1
3503,15,4,6.8
3504,1,11,17.3
3505,2,27,16.5
3506,3,14,5.2
3507,4,20,13.7
3508,5,26,16.6
3509,6,13,5.6
3510,7,1,18.2
3511,8,17,6.6
3512,9,15,17.5
3513,10,3,7.8
3514,12,15,11.8
3515,13,7,14.5
3516,14,10,17.7
3517,15,1,2.8
3518,16,17,14.9
3519,1,27,8.4
3520,3,3,3.4
3521,4,1,6.7
3522,5,17,7.6
3523,6,7,10
3524,7,11,11.7
3525,8,10,4.8
3526,9,2,18.7
3527,10,20,8.6
3528,11,17,13.9
3529,12,2,11.7
3530,13,26,13.3
3531,14,14,14.6
3532,15,23,13.7
3533,16,1,9.7
3534,1,8,21.3
3535,2,29,15.2
3536,3,10,21
3537,4,19,9.6
3538,5,25,11.8
3539,6,24,22.6
3540,7,9,5.4
3541,8,19,16.4
3542,9,28,12.8
3543,10,6,9.3
3544,11,16,16.4
3545,12,6,14.3
3546,14,4,4.1
3547,15,13,21.8
3548,16,8,0.5
3549,1,21,18
3550,2,11,8
3551,4,24,4.9
3552,5,30,12.7
3553,6,27,10
3554,7,18,15.4
3555,8,32,20.8
3556,9,9,3.6
3557,10,2,6.7
3558,11,14,2.6
3559,12,1,15.6
3560,13,14,11.9
3561,14,11,13.3
3562,15,17,15.5
3563,16,27,18.4
3564,1,9,11.5
3565,2,28,31.7
3566,3,20,6.2
3567,4,17,6.7
3568,5,8,13.2
3569,6,15,6.1
3570,7,20,4.5
3571,8,21,12.6
3572,9,32,0.9
3573,10,26,3.5
3574,11,1,14.2
3575,12,10,6.4
3576,13,2,10.3
3577,14,30,10.4
3578,15,26,28.7
3579,16,10,4.9
3580,1,25,3.2
3581,2,4,10.2
3582,3,16,14.1
3583,4,18,23.1
3584,6,28,3.9
3585,7,29,6.4
3586,8,24,16.2
3587,10,17,10.6
3588,11,23,9
3589,13,18,7.4
3590,14,13,12.1
3591,15,27,5.7
3592,16,23,7.8
3593,1,24,15.3
3594,2,23,1.6
3595,4,29,7.7
3596,5,19,26.9
3597,6,2,18
3598,8,24,5.8
3599,9,6,4.8
3600,10,8,5.1
3601,11,11,17.9
3602,15,12,4.7
3603,16,29,20.8
3604,1,16,11.8
3605,2,7,4.1
3606,3,6,17.5
3607,4,4,3.8
3608,5,5,13.8
3609,6,30,8.1
3610,7,25,13.7
3611,8,23,1.7
3612,13,4,12.4
3613,14,25,12.9
3614,15,18,4.8
3615,16,16,5.9
3616,3,32,19.4
3617,4,14,4.3
3618,5,29,9.4
3619,6,3,6.3
3620,7,1,5.5
3621,8,30,25
3622,9,14,4.8
3623,10,11,14.2
3624,11,9,11.9
3625,12,21,13.3
3626,13,11,4.9
3627,14,17,11.9
3628,15,5,10.6
3629,16,3,7.7
3630,1,3,0.6
3631,2,14,1.3
3632,3,30,1.2
3633,4,11,1.5
3634,5,20,4.2
3635,6,19,10.3
3636,7,32,13.1
3637,8,7,9.8
3638,9,30,5.9
3639,10,10,7.9
3640,11,26,4.1
3641,12,27,12.2
3642,13,32,10.4
3643,14,9,10.5
3644,15,25,6.9
3645,16,9,14.7
3646,3,5,5.6
3647,4,25,8.2
3648,6,4,9.3
3649,7,19,8.4
3650,8,25,7.2
3651,9,23,7.6
3652,10,4,8.3
3653,11,12,8.8
3654,12,8,5.1
3655,13,6,6.5
3656,14,18,3
3657,1,6,6.4
3658,2,5,24.4
3659,3,9,4.2
3660,4,28,19.5
3661,5,10,8.2
3662,6,16,9.8
3663,8,8,7
3664,9,18,6.9
3665,10,16,7.3
3666,1,13,14
3667,2,1,7.5
3668,3,23,11.5
3669,4,3,8.1
3670,5,12,9.7
3671,12,29,16.2
3672,13,8,13.5
3673,14,6,15.2
3674,1,4,5.4
3675,2,20,4
3676,3,28,-2
3677,6,8,12.2
3678,9,25,6
3679,10,12,8.1
3680,11,19,0.8
3681,12,12,11.7
3682,13,16,5
3683,14,24,8.2
3684,15,8,3.9
3685,16,19,6.1
3686,1,6,7.3
3687,2,5,-0.6
3688,3,9,11.1
3689,11,25,8.3
3690,12,23,22.7
3691,13,28,18.3
3692,14,12,12.7
3693,15,19,11.4
3694,1,2,5.2
3695,2,3,31.5
3696,3,28,6.9
3697,4,24,18.3
3698,5,9,10.7
3699,6,16,27.5
3700,7,7,15.4
3701,8,13,2.7
3702,9,21,14.1
3703,10,27,22.1
3704,11,32,24.3
3705,13,3,13.2
3706,14,18,18
3707,15,7,7.6
3708,16,13,16.1
3709,1,5,15.1
3710,2,32,14.1
3711,3,14,17.1
3712,4,15,17.7
3713,6,18,11.1
3714,8,25,23.9
3715,9,15,4.9
3716,10,12,18.5
3717,11,13,9.7
3718,12,32,15.1
3719,13,26,23.5
3720,14,23,13.1
3721,15,17,5.4
3722,16,25,33.7
3723,1,24,11.5
3724,2,17,5.6
3725,3,16,5.8
3726,4,26,10.3
3727,5,29,0.8
3728,6,9,10.2
3729,7,28,17
3730,9,22,12.1
3731,10,8,14.3
3732,11,6,12.5
3733,12,5,9.2
3734,13,18,19.5
3735,14,22,18.8
3736,15,29,17.9
3737,16,6,15.5
3738,1,3,11.2
3739,4,15,9.7
3740,5,12,12.5
3741,6,23,16.8
3742,7,32,17.2
3743,8,31,21
3744,9,17,8.4
3745,10,18,10.8
3746,11,32,21.8
3747,12,15,3.9
3748,13,27,15
3749,14,26,23.1
3750,15,14,21
3751,16,31,14.1
3752,1,25,12.5
3753,2,1,3
3754,3,9,10.3
3755,4,13,19.3
3756,5,24,14.1
3757,6,7,10.1
3758,7,16,22.4
3759,8,28,17.7
3760,9,2,10.3
3761,12,13,8.9
3762,13,1,11
3763,14,21,8.6
3764,15,27,16.3
3765,16,7,1.4
3766,1,17,9.4
3767,2,25,12
3768,3,15,13.3
3769,4,29,7.1
3770,5,26,14.1
3771,6,31,9.5
3772,7,22,15.3
3773,8,11,18.1
3774,9,32,13.9
3775,10,17,9.3
3776,11,3,5.2
3777,12,18,11.3
3778,13,6,3.1
3779,14,27,6.6
3780,15,26,14.8
3781,16,18,6.3
3782,1,28,16
3783,2,26,16.3
3784,3,17,23.2
3785,4,18,18.7
3786,5,16,18.5
3787,6,29,24.8
3788,7,24,16.3
3789,8,23,12
3790,9,20,9.6
3791,10,22,7.2
3792,11,11,27.7
3793,12,22,18
3794,14,29,51.5
3795,15,9,20.4
3796,1,7,0.4
3797,4,3,7.8
3798,5,28,9
3799,6,24,14.7
3800,7,2,12.9
3801,8,1,29.8
3802,9,16,12.8
3803,10,9,15.7
3804,11,31,7.1
3805,12,3,8.2
3806,13,7,20.3
3807,15,21,3.8
3808,1,12,6.5
3809,2,18,22.7
3810,3,29,4.5
3811,4,17,15.1
3812,5,26,21
3813,6,28,28.4
3814,7,9,10.9
3815,9,11,11.4
3816,10,6,7.9
3817,11,10,29
3818,12,6,15
3819,13,16,16.9
3820,14,11,5.5
3821,15,24,10.2
3822,16,29,12.4
3823,1,32,25.1
3824,2,7,6.9
3825,4,31,23.3
3826,5,25,6.9
3827,6,23,19.5
3828,7,5,9.4
3829,8,26,16.2
3830,9,31,11.3
3831,10,14,3.4
3832,11,21,10
3833,12,25,22.2
3834,14,12,16.1
3835,15,18,2.4
3836,16,32,12.5
3837,1,13,6.4
3838,2,15,15.4
3839,4,21,1.4
3840,5,2,11
3841,6,3,4.2
3842,7,1,8.2
3843,9,24,3.1
3844,10,28,8.7
3845,11,9,13.8
3846,12,17,7.6
3847,13,13,10.1
3848,14,16,19.8
3849,15,1,8.3
3850,16,3,4
3851,1,18,12.5
3852,2,6,7.4
3853,3,13,26.3
3854,4,11,9.2
3855,5,22,10.8
3856,9,32,5
3857,11,18,12.6
3858,12,29,28.2
3859,13,31,15.5
3860,14,25,21.3
3861,16,17,6.7
3862,1,22,13.1
3863,2,23,2.5
3864,4,20,1.7
3865,5,8,20.2
3866,6,25,4.9
3867,7,14,7.2
3868,8,23,3.8
3869,9,5,5.6
3870,10,31,20.8
3871,11,19,2.7
3872,12,14,7
3873,13,32,10.9
3874,14,15,6.4
3875,15,10,6.3
3876,16,5,7
3877,1,21,1.5
3878,2,10,5.2
3879,3,20,0.5
3880,5,27,2.7
3881,6,14,1.6
3882,7,10,10.2
3883,8,5,1.1
3884,10,20,15.8
3885,11,12,3.5
3886,12,8,7.3
3887,13,29,13.6
3888,14,2,6.6
3889,15,23,10.9
3890,16,8,1.9
3891,1,11,6.2
3892,2,16,10.1
3893,3,12,4.3
3894,4,1,2.5
3895,5,3,2
3896,6,13,8.8
3897,7,6,5.5
3898,8,9,7.9
3899,9,7,6.4
3900,10,29,11.7
3901,11,28,2.7
3902,12,10,28.2
3903,13,28,5.6
3904,14,9,9.2
3905,1,20,2.6
3906,2,19,4
3907,3,21,4.3
3908,4,27,7.9
3909,7,19,11.3
3910,8,8,13.9
3911,9,14,22.4
3912,10,2,8.8
3913,11,22,-0.6
3914,13,23,3.7
3915,14,8,3.4
3916,15,12,5.4
3917,16,20,7.4
3918,1,21,6.4
3919,2,10,13
3920,3,20,15.8
3921,4,16,10.8
3922,5,27,4.7
3923,6,14,5
3924,7,10,0.6
3925,8,5,3.9
3926,10,20,2.8
3927,11,12,6.5
3928,12,8,5.9
3929,13,29,3.8
3930,14,2,5.6
3931,15,23,8
3932,16,8,8.4
3933,1,9,0.2
3934,2,28,3.4
3935,3,22,1.5
3936,5,11,4.1
3937,6,6,2.1
3938,7,14,0.8
3939,8,17,23.6
3940,9,18,10.7
3941,10,24,20.8
3942,11,16,12.2
3943,12,26,16.3
3944,14,6,22.3
3945,15,11,7.2
3946,16,22,1.7
3947,2,13,6.8
3948,7,7,1.3
3949,8,2,7.6
3950,9,1,2
3951,10,21,6.5
3952,12,20,20.4
3953,13,25,8.1
3954,15,3,10.9
3955,16,2,9.4
3956,1,10,18.3
3957,2,30,21.3
3958,3,17,17.1
3959,5,7,17.2
3960,6,1,20.6
3961,7,23,19.2
3962,9,5,9
3963,10,26,13.1
3964,11,23,14.3
3965,12,22,17.3
3966,13,31,28.8
3967,14,22,20.4
3968,15,19,11.8
3969,1,14,24.4
3970,2,13,12.3
3971,3,16,24.8
3972,5,15,6.2
3973,6,17,7.1
3974,7,21,6.4
3975,8,32,26.3
3976,9,23,40.3
3977,10,2,12.5
3978,11,5,8.2
3979,12,10,11.1
3980,13,22,15.3
3981,14,10,15.8
3982,15,5,23.3
3983,16,17,13.6
3984,1,4,16.9
3985,2,10,3.6
3986,3,24,7.6
3987,4,14,17.1
3988,5,21,20.6
3989,6,27,27.7
3990,7,20,22.9
3991,8,8,24.8
3992,9,14,8.1
3993,10,11,17.5
3994,11,25,23.2
3995,12,3,5.8
3996,13,15,16
3997,15,3,15.5
3998,16,11,7.4
3999,1,7,9.1
4000,2,26,20.5
4001,3,22,7.7
4002,4,23,15
4003,5,1,2.7
4004,6,5,5.5
4005,7,30,5.4
4006,8,15,14.5
4007,9,11,22.9
4008,10,25,13.2
4009,11,10,19
4010,12,19,8.3
4011,13,17,1.7
4012,14,23,4.9
4013,15,22,14.3
4014,16,15,6.2
4015,2,32,21
4016,4,4,6.1
4017,5,15,29.2
4018,6,19,26.1
4019,7,18,15.5
4020,8,30,35.3
4021,9,22,17.9
4022,12,30,16.5
4023,13,26,20.8
4024,14,19,11.7
4025,15,6,16.1
4026,16,26,9.3
4027,1,15,6.6
4028,2,31,13.5
4029,3,5,1
4030,4,22,23.4
4031,5,2,10.8
4032,6,17,3.8
4033,7,16,2
4034,8,17,5.8
4035,10,23,9.4
4036,12,1,3.6
4037,13,32,6.3
4038,14,1,8.9
4039,15,13,21.8
4040,16,5,14.9
4041,1,1,4.5
4042,2,24,6.1
4043,3,3,2.5
4044,4,31,11.9
4045,5,11,25.2
4046,6,20,4
4047,7,21,13.3
4048,9,31,17.8
4049,10,22,23.4
4050,11,11,25.8
4051,12,8,11.5
4052,13,27,22.6
4053,14,4,16.8
4054,15,25,16.4
4055,16,3,10.6
4056,1,12,14.4
4057,2,18,7.2
4058,3,9,6.5
4059,4,21,15.7
4060,5,19,15.7
4061,6,25,11.1
4062,7,27,9.5
4063,8,12,10.5
4064,9,18,10.5
4065,10,30,23.2
4066,12,13,12.3
4067,13,20,13.8
4068,14,26,4.7
4069,15,7,3.2
4070,16,9,13.6
4071,1,3,0.9
4072,2,5,1.9
4073,3,7,1.8
4074,5,27,14.3
4075,6,22,5.9
4076,7,15,5.1
4077,8,19,10.6
4078,9,1,9.8
4079,10,10,0.6
4080,11,15,10.7
4081,12,26,3.7
4082,13,30,20.7
4083,15,17,11
4084,16,22,12.2
4085,1,30,3.4
4086,2,16,1.2
4087,4,8,28.8
4088,5,10,8.4
4089,6,13,16.7
4090,7,17,21.1
4091,8,24,14.8
4092,9,4,17.8
4093,10,1,27.8
4094,11,32,18.2
4095,12,16,11.9
4096,13,5,23.1
4097,14,32,5.3
4098,15,18,5.7
4099,16,13,6.2
4100,1,13,6
4101,2,23,10.1
4102,3,10,7.5
4103,4,16,26.4
4104,6,32,16
4105,7,22,12.5
4106,8,15,19.4
4107,9,17,10.2
4108,10,3,6.6
4109,11,1,6.3
4110,12,27,1.2
4111,1,32,16.2
4112,2,14,10.7
4113,3,31,9.6
4114,4,3,10
4115,5,13,4.4
4116,6,16,2.1
4117,7,8,18.5
4118,8,4,16.3
4119,9,2,2.2
4120,10,18,5.1
4121,11,4,3.8
4122,12,20,6.2
4123,13,11,5.7
4124,14,30,8.6
4125,15,8,5.3
4126,16,20,9.7
4127,2,12,5.3
4128,3,25,11.4
4129,4,11,6.2
4130,5,23,13.4
4131,6,31,2.5
4132,7,6,2.5
4133,8,3,12
4134,9,25,15.5
4135,10,21,4.7
4136,11,9,11.1
4137,12,5,10.1
4138,13,14,13.6
4139,14,18,5.7
4140,5,10,5.2
4141,6,1,14.5
4142,7,2,3.3
4143,8,10,5.7
4144,9,5,8.1
4145,10,16,11.4
4146,11,13,8.8
4147,12,32,34.4
4148,14,5,1.3
4149,15,23,14.3
4150,16,1,5.7
4151,1,25,3.7
4152,2,3,11.9
4153,3,18,5
4154,7,14,6.2
4155,8,1,9.4
4156,10,22,11.9
4157,11,27,3.9
4158,12,11,11
4159,14,25,6.1
4160,15,9,18.9
4161,16,27,6.9
4162,1,18,10
4163,3,6,10.1
4164,4,30,3.1
4165,6,26,0.8
4166,7,32,2.1
4167,8,25,11
4168,9,12,15.4
4169,10,7,1.2
4170,11,27,7.1
4171,12,4,1.6
4172,13,19,5.4
4173,14,12,2.3
4174,16,6,16.6
4175,2,32,8.8
4176,3,23,2.5
4177,4,4,1.6
4178,5,15,2.2
4179,6,19,8.5
4180,7,18,6.4
4181,8,30,1
4182,9,22,15.6
4183,10,9,6.6
4184,11,12,0.6
4185,12,30,7.5
4186,13,26,2.6
4187,14,19,0.6
4188,15,6,13.6
4189,1,6,11
4190,2,27,22.9
4191,3,30,17.4
4192,4,8,7.2
4193,5,21,21.7
4194,6,19,1.6
4195,7,6,10.7
4196,11,7,6.7
4197,12,25,5.3
4198,13,18,3.6
4199,14,9,10.3
4200,15,16,14.1
4201,16,18,12.4
4202,1,3,15.6
4203,2,5,8.9
4204,3,7,23.6
4205,5,27,7.2
4206,10,10,6.7
4207,11,15,12
4208,12,26,21.4
4209,13,30,2.2
4210,16,22,5.4
4211,1,17,1.5
4212,2,8,14.4
4213,4,27,28
4214,5,14,5.2
4215,6,3,1.3
4216,7,4,3.7
4217,8,25,2.7
4218,10,31,1.4
4219,12,21,5.7
4220,13,24,6.4
4221,14,3,14.6
4222,15,20,21.7
4223,16,31,10.8
4224,1,16,5.1
4225,2,22,7.5
4226,3,26,8
4227,4,30,15.9
4228,5,6,4.7
4229,6,7,10.1
4230,7,12,11.8
4231,9,23,4.2
4232,10,8,2.1
4233,11,26,10.2
4234,13,9,3
4235,14,7,4.1
4236,15,15,0.9
4237,16,30,2
4238,1,24,2.1
4239,2,7,12.8
4240,3,8,6.5
4241,4,20,7.2
4242,5,13,8.6
4243,6,5,11.5
4244,7,9,6.5
4245,8,1,6.7
4246,9,16,3.6
4247,10,13,2.1
4248,11,2,3.4
4249,12,17,4.5
4250,13,10,0.5
4251,14,2,1.3
4252,15,4,5.4
4253,16,16,1.9
4254,1,2,2.5
4255,2,15,0.3
4256,3,12,7
4257,4,19,11.7
4258,5,9,2.7
4259,6,26,6.8
4260,8,7,6
4261,9,6,7.4
4262,10,18,10.5
4263,11,22,3.1
4264,12,7,4.2
4265,13,23,2.7
4266,14,24,2.6
4267,15,26,5.3
4268,16,19,-0.2
4269,1,27,5.4
4270,3,8,4.6
4271,4,6,20.3
4272,5,31,33.8
4273,7,14,7.8
4274,8,30,2.3
4275,9,16,10.3
4276,10,28,23.5
4277,11,25,9.8
4278,12,14,14
4279,14,13,9.7
4280,15,20,7.5
4281,16,6,10.8
4282,1,2,8
4283,2,24,14.7
4284,3,29,20.9
4285,4,20,6.1
4286,5,4,5.7
4287,6,21,14.6
4288,7,9,11.9
4289,8,11,7.5
4290,9,5,7.7
4291,10,23,8.8
4292,11,27,8.2
4293,12,3,15.7
4294,13,4,2.7
4295,14,12,8
4296,15,21,17.7
4297,16,3,5.6
4298,1,28,4.7
4299,2,30,11.9
4300,3,16,37.3
4301,4,8,32.9
4302,7,27,13
4303,8,26,13.1
4304,9,18,13.9
4305,10,25,4.3
4306,12,26,10.3
4307,13,6,4.2
4308,14,31,16.1
4309,15,6,15
4310,1,15,3.1
4311,2,9,4.1
4312,3,27,21.4
4313,4,31,6.7
4314,5,8,15.8
4315,6,10,9.4
4316,8,6,9.2
4317,9,4,16.2
4318,10,14,6
4319,11,26,3.7
4320,12,11,15.4
4321,13,31,5.9
4322,14,8,5.9
4323,15,19,21.5
4324,16,27,7.6
4325,1,29,22
4326,2,25,6
4327,4,19,22.6
4328,6,10,11.3
4329,7,22,4.1
4330,8,31,16.8
4331,9,15,11.5
4332,10,8,4.5
4333,11,19,16.2
4334,12,30,4.9
4335,13,27,10.7
4336,14,16,4.2
4337,15,10,4.2
4338,16,15,8.1
4339,1,31,8.1
4340,2,8,5.9
4341,4,26,5
4342,5,1,20.6
4343,6,28,12.5
4344,7,25,12.3
4345,8,12,6.8
4346,9,27,15.1
4347,11,16,7.7
4348,13,14,14.9
4349,1,30,3.5
4350,2,28,5.2
4351,3,14,9.5
4352,5,10,7.8
4353,6,30,22.2
4354,7,1,11.3
4355,8,28,12.2
4356,9,26,5.8
4357,10,19,14.9
4358,11,6,7.6
4359,13,12,11.1
4360,14,9,11.3
4361,15,15,9.8
4362,1,12,22.6
4363,2,7,10.5
4364,3,1,7.4
4365,4,22,13.5
4366,5,3,16.9
4367,6,23,16.9
4368,7,5,6.9
4369,11,12,5.3
4370,12,18,18.3
4371,14,5,16.4
4372,15,26,7.7
4373,16,23,17
4374,1,24,4.1
4375,2,3,3.4
4376,3,23,7.6
4377,4,5,16.8
4378,5,22,2.6
4379,6,29,11.5
4380,7,12,17.5
4381,8,25,0.1
4382,9,3,11.1
4383,10,20,10.4
4384,11,10,11.9
4385,12,21,5.6
4386,13,22,6.1
4387,14,11,2.8
4388,15,2,7.2
4389,16,21,18.7
4390,1,19,12.1
4391,2,13,7.2
4392,3,30,1.9
4393,4,28,6.5
4394,5,14,1.5
4395,6,9,3.2
4396,7,26,0.7
4397,8,10,1
4398,10,6,9
4399,11,30,1.2
4400,12,16,8.4
4401,13,20,8.4
4402,14,15,4.9
4403,15,28,10
4404,1,16,11.2
4405,2,14,2.4
4406,4,15,15.2
4407,5,18,6.7
4408,6,28,6.3
4409,7,16,1.9
4410,9,26,4.7
4411,10,10,5.1
4412,12,9,3.3
4413,13,19,10.2
4414,14,6,14.7
4415,15,5,13.6
4416,16,28,23.6
4417,1,14,14
4418,2,16,5.5
4419,6,30,18.6
4420,7,6,7
4421,8,16,22.1
4422,9,19,11.9
4423,10,26,7.1
4424,11,23,3
4425,12,10,2.4
4426,13,15,3.7
4427,14,7,0.3
4428,16,30,10.9
4429,1,20,15.9
4430,2,1,0.9
4431,3,3,8.7
4432,4,18,9.3
4433,5,13,3.5
4434,6,21,2
4435,7,4,10.7
4436,8,6,-1
4437,10,5,10.6
4438,11,20,17.9
4439,12,23,0.1
4440,13,16,20.8
4441,14,22,2.3
4442,15,7,14.8
4443,16,5,4.1
4444,1,9,3.3
4445,2,27,13.2
4446,3,22,3.6
4447,4,21,12.5
4448,5,24,14.7
4449,6,4,4.1
4450,7,13,0.9
4451,8,7,2.6
4452,9,2,6.4
4453,10,11,0.7
4454,11,24,6.4
4455,12,2,27.4
4456,13,18,3
4457,14,1,14.8
4458,15,3,5.3
4459,1,23,4.7
4460,2,2,9.8
4461,3,5,5.1
4462,4,29,4.6
4463,5,11,7.4
4464,6,12,0.9
4465,7,22,2.9
4466,8,24,6.1
4467,9,20,5.6
4468,10,3,4.9
4469,11,31,8
4470,12,4,4.3
4471,13,3,6.3
4472,14,19,4.7
4473,1,3,4.9
4474,2,6,1
4475,3,26,19.9
4476,4,14,1.7
4477,5,25,3.3
4478,6,31,0.8
4479,7,19,7.2
4480,8,27,3.1
4481,9,2,15.2
4482,10,9,14.1
4483,12,15,8.7
4484,13,10,5
4485,14,25,10.4
4486,2,15,0.4
4487,3,31,27.2
4488,4,16,7.4
4489,5,25,22.4
4490,6,9,7.4
4491,7,19,18.9
4492,9,30,6.1
4493,10,15,2.7
4494,11,4,5.4
4495,12,28,5.3
4496,1,22,8.8
4497,2,21,13.9
4498,3,24,8.3
4499,4,3,12.2
4500,5,1,10.1
4501,6,15,13.3
4502,7,11,3.4
4503,8,29,8.6
4504,9,8,7.9
4505,10,7,14.6
4506,11,13,6.7
4507,12,29,3.5
4508,13,11,6.7
4509,14,18,5.1
4510,15,4,4.3
4511,16,24,4.8
4512,1,4,5.6
4513,2,22,8
4514,3,2,2.9
4515,4,11,15
4516,5,29,23
4517,6,18,10.1
4518,7,7,10.4
4519,8,21,7.4
4520,9,31,6.4
4521,10,13,2.6
4522,1,2,11.2
4523,3,24,16
4524,4,32,21.7
4525,5,8,29.1
4526,6,21,17.4
4527,7,12,14.8
4528,8,30,21.7
4529,9,10,38.9
4530,10,9,12.7
4531,12,6,16.5
4532,13,2,10.7
4533,14,15,24.8
4534,15,13,21.2
4535,1,14,11
4536,2,18,18.3
4537,3,11,22.5
4538,4,17,5.8
4539,5,30,9.7
4540,6,8,13
4541,7,10,25.4
4542,8,17,10.3
4543,9,3,24.9
4544,10,32,12.4
4545,11,28,6.7
4546,12,23,14.8
4547,13,9,13.9
4548,14,4,9.1
4549,15,28,17
4550,16,18,11.1
4551,1,6,17.7
4552,2,13,14.5
4553,3,20,21.5
4554,4,11,23.9
4555,5,18,13.7
4556,6,30,12.5
4557,7,22,18.7
4558,8,25,18.8
4559,9,29,14
4560,10,21,26
4561,11,22,13.9
4562,12,24,8.4
4563,13,4,15.2
4564,14,7,14.1
4565,15,25,6
4566,16,11,1.9
4567,1,13,7.8
4568,2,4,12.3
4569,3,29,14.3
4570,4,25,15.5
4571,5,24,7.9
4572,6,11,10.8
4573,7,16,14.3
4574,8,7,12.2
4575,9,21,19.1
4576,10,16,12.1
4577,11,10,3.1
4578,12,28,7.9
4579,13,11,13.4
4580,14,6,11.5
4581,15,20,6.4
4582,16,25,7.6
4583,2,1,2.5
4584,3,30,8.8
4585,4,8,4.6
4586,5,16,10.2
4587,6,10,32.7
4588,7,17,27.6
4589,8,28,19
4590,9,29,8
4591,10,23,8.4
4592,11,32,11.6
4593,12,9,8.7
4594,13,14,6.3
4595,14,28,5.1
4596,15,17,26.9
4597,16,1,7.9
4598,1,7,17.7
4599,2,25,18
4600,3,22,13.8
4601,5,20,12.7
4602,6,4,9.4
4603,7,27,30.1
4604,8,4,15.5
4605,9,16,32.1
4606,10,18,13.2
4607,11,11,8.9
4608,12,15,19.8
4609,13,26,0.5
4610,2,12,3.1
4611,3,5,9.2
4612,4,13,13.2
4613,5,22,22.3
4614,6,25,10
4615,7,21,2.2
4616,8,6,26.2
4617,9,15,8
4618,10,2,9.9
4619,11,16,12.7
4620,12,32,29.7
4621,13,13,11
4622,14,21,17.3
4623,16,6,13.5
4624,1,15,4
4625,2,20,9.3
4626,4,26,12.4
4627,5,4,18.3
4628,6,3,5
4629,7,29,10
4630,8,21,17.8
4631,9,15,10.5
4632,10,12,8.1
4633,11,14,19.7
4634,12,7,22.5
4635,13,23,1.8
4636,14,32,31.5
4637,15,26,8.8
4638,1,8,15.5
4639,2,17,28.9
4640,3,7,6.4
4641,4,3,4.3
4642,5,10,6
4643,6,14,2.2
4644,7,9,25.4
4645,8,30,21.8
4646,9,18,15.7
4647,10,23,10.9
4648,11,1,5
4649,12,22,7.9
4650,13,32,0.8
4651,14,18,2.8
4652,1,4,6.4
4653,2,32,1.6
4654,7,14,22
4655,8,23,4.2
4656,9,7,3.9
4657,11,20,21.6
4658,12,3,3.3
4659,13,29,12.6
4660,15,27,5.2
4661,16,15,13.2
4662,1,23,21.3
4663,2,26,3.2
4664,3,3,24.5
4665,4,5,13.9
4666,5,14,17.4
4667,6,17,5.2
4668,9,14,1.4
4669,10,1,11
4670,11,18,15.5
4671,12,24,9.8
4672,13,28,26
4673,14,27,5.7
4674,15,23,10.2
4675,1,29,25.9
4676,2,11,8.5
4677,3,28,6.3
4678,4,10,7.6
4679,5,20,22.3
4680,7,22,4.7
4681,9,26,7.2
4682,10,15,8.5
4683,11,4,9.6
4684,12,27,17.2
4685,13,20,6.3
4686,14,16,9.4
4687,15,4,8.2
4688,1,12,13.8
4689,2,9,20.8
4690,3,18,7.9
4691,5,1,4
4692,6,16,3.6
4693,7,8,13.9
4694,8,28,12.3
4695,9,5,6.7
4696,10,9,5.3
4697,11,10,2.3
4698,12,2,7.1
4699,13,8,11.8
4700,14,17,2.8
4701,15,29,17.8
4702,16,10,14.8
4703,2,27,16.1
4704,3,16,9.8
4705,4,9,2.4
4706,7,25,18.3
4707,8,15,7.1
4708,9,4,30.7
4709,10,11,9.2
4710,11,26,14.8
4711,12,17,22.5
4712,13,7,16.3
4713,14,29,7.2
4714,15,22,5.1
4715,16,4,2.5
4716,1,17,3.8
4717,2,30,5.7
4718,3,25,5.3
4719,4,20,17.3
4720,6,2,24.3
4721,7,28,1
4722,8,10,2.7
4723,9,30,7.7
4724,10,5,11.3
4725,11,8,6.4
4726,12,18,18.8
4727,13,1,2.6
4728,14,12,12.2
4729,15,10,5.5
4730,16,8,3.5
4731,1,5,7.8
4732,6,9,3.5
4733,7,23,10.9
4734,8,12,3.9
4735,9,8,10.9
4736,10,24,18.9
4737,11,30,5.9
4738,12,10,11.3
4739,13,5,5.7
4740,14,13,3.8
4741,15,12,5.1
4742,1,26,-1.2
4743,2,22,5.1
4744,3,8,2.5
4745,4,15,3
4746,5,27,5.9
4747,6,29,5.3
4748,7,11,14.7
4749,8,29,12.4
4750,9,20,3
4751,11,7,10.1
4752,12,25,9.7
4753,13,16,1.1
4754,14,1,3.3
4755,15,7,5.1
4756,16,20,22.9
4757,2,5,0.7
4758,3,2,0.4
4759,4,30,1.8
4760,5,9,5.9
4761,6,12,7.6
4762,7,13,14.7
4763,8,8,9.5
4764,9,6,31.7
4765,10,21,4.2
4766,11,5,6.3
4767,12,14,14.8
4768,13,12,11.5
4769,14,26,8.2
4770,15,24,3.3
4771,1,16,0.9
4772,2,21,0.1
4773,3,26,6.7
4774,4,2,15.5
4775,5,11,4.6
4776,6,12,4.8
4777,8,13,0.8
4778,10,14,4.1
4779,11,13,7.6
4780,12,5,11.5
4781,13,25,6.9
4782,14,22,7.1
4783,15,21,8.5
4784,16,24,23
4785,1,30,13.7
4786,2,24,15.5
4787,3,10,11.5
4788,4,13,6
4789,6,6,7.1
4790,7,5,7.5
4791,8,2,27.9
4792,9,27,3.1
4793,10,3,6
4794,14,9,6.2
4795,1,27,9.6
4796,2,14,2.3
4797,9,24,10.6
4798,10,7,10.5
4799,11,3,7
4800,12,29,12.8
4801,14,5,4.2
4802,1,8,4.8
4803,2,17,0.3
4804,3,7,5.1
4805,4,3,8
4806,5,10,5.1
4807,6,14,2.2
4808,7,9,1.8
4809,8,30,13.9
4810,9,18,5.1
4811,10,23,14.9
4812,11,1,4.3
4813,12,22,0.3
4814,13,32,29.9
4815,14,18,16.2
4816,15,1,7.4
4817,16,17,19.7
4818,1,23,13.9
4819,2,29,13.8
4820,3,15,13.9
4821,4,4,2.9
4822,5,27,28.3
4823,6,20,27
4824,7,23,4.4
4825,8,5,19.9
4826,9,2,4.2
4827,10,18,14
4828,11,13,8.8
4829,12,31,10.6
4830,14,15,22.9
4831,15,22,18.8
4832,16,20,12.4
4833,1,8,12.6
4834,2,24,0.7
4835,3,7,26.6
4836,4,26,12.3
4837,5,1,7.6
4838,6,6,17.6
4839,7,11,6.5
4840,9,26,5.4
4841,10,21,18.5
4842,11,4,1.9
4843,12,25,3.3
4844,13,16,27.5
4845,14,21,6.3
4846,15,31,16.4
4847,16,1,1.4
4848,1,5,40.6
4849,2,4,22.9
4850,3,3,24.3
4851,5,32,11.6
4852,6,7,11
4853,7,20,11.7
4854,8,23,6.8
4855,9,13,6.1
4856,10,27,7.7
4857,11,18,2.6
4858,12,22,6.3
4859,13,20,19.8
4860,14,3,32.6
4861,15,29,16.6
4862,16,23,9.5
4863,1,32,18.4
4864,2,17,12.1
4865,3,6,14
4866,4,22,20.5
4867,5,7,30.4
4868,6,12,19.8
4869,9,3,4.6
4870,10,31,11.8
4871,11,19,4.2
4872,12,30,13.9
4873,13,14,17.9
4874,15,25,13
4875,16,17,13.6
4876,1,12,5.2
4877,2,19,10.6
4878,3,31,11.7
4879,4,14,8
4880,5,25,8.6
4881,6,17,6.7
4882,7,2,3.4
4883,8,16,10.1
4884,9,32,7.7
4885,10,7,6.1
4886,11,17,13.9
4887,12,2,6.1
4888,13,18,14
4889,14,23,6.8
4890,15,6,14.6
4891,16,32,11.1
4892,1,27,14
4893,2,23,2.2
4894,3,19,15.4
4895,4,12,25.9
4896,5,26,13.2
4897,6,25,39.9
4898,8,15,15.3
4899,15,14,11.8
4900,16,4,14.1
4901,1,11,7.7
4902,2,14,14.3
4903,3,12,21.4
4904,4,19,9.5
4905,5,30,1.8
4906,7,13,8.8
4907,8,4,4.7
4908,9,19,12.5
4909,10,27,10.4
4910,11,14,6.8
4911,12,9,6.6
4912,13,32,13.8
4913,14,17,3.9
4914,15,2,13.3
4915,16,12,19.8
4916,2,7,0.6
4917,3,24,0.5
4918,4,21,2.9
4919,5,9,4.3
4920,6,26,3.8
4921,7,6,17.3
4922,8,31,4.7
4923,10,12,21.6
4924,11,21,14.4
4925,12,8,9.7
4926,13,11,2
4927,14,16,16.4
4928,15,26,7.5
4929,16,9,23.4
4930,2,31,2.2
4931,3,2,8.2
4932,4,7,6.2
4933,5,20,5.5
4934,6,9,7.4
4935,7,1,3
4936,8,29,14.3
4937,9,17,4.6
4938,10,26,13.1
4939,11,32,11.7
4940,12,21,21.8
4941,13,7,22.6
4942,14,31,5.2
4943,15,30,6.6
4944,16,16,15.6
4945,1,17,9.2
4946,2,22,10.9
4947,4,23,1.2
4948,5,6,11.3
4949,6,3,6.3
4950,7,15,0.9
4951,9,29,18.3
4952,10,5,7.7
4953,11,23,17
4954,12,27,18.1
4955,13,15,12.4
4956,14,13,9.2
4957,15,4,7.2
4958,16,3,11.9
4959,1,7,8.6
4960,2,6,3.7
4961,3,30,5.4
4962,4,16,2.7
4963,5,22,6.7
4964,6,32,7.3
4965,7,17,7.1
4966,8,1,15.8
4967,9,21,15.5
4968,10,2,1.8
4969,11,16,10.5
4970,12,3,4.4
4971,13,26,13.1
4972,14,6,6.5
4973,15,9,4.3
4974,16,7,2.1
4975,1,25,14.2
4976,2,18,4
4977,4,5,4.8
4978,5,21,4.4
4979,6,4,4.8
4980,7,9,9.4
4981,8,24,-1.9
4982,9,8,11
4983,10,29,8.6
4984,11,22,10.5
4985,13,1,3.6
4986,14,26,1.8
4987,1,9,9.9
4988,2,26,22
4989,3,21,19.8
4990,4,18,13.8
4991,5,29,7.9
4992,6,5,9
4993,7,22,6.1
4994,8,11,6.4
4995,9,13,0.3
4996,12,1,8.1
4997,14,24,25.4
4998,16,11,16.8
4999,1,20,6
5000,2,2,2.8
5001,3,14,18
5002,4,32,3.5
5003,5,29,4.9
5004,6,30,14.7
5005,7,31,7.6
5006,8,6,4.1
5007,9,16,25.2
5008,10,7,4.7
5009,11,30,10.2
5010,12,32,7.9
5011,13,19,4.7
5012,14,25,6.3
5013,15,12,11.9
5014,1,15,0.9
5015,3,32,1.7
5016,4,11,8.7
5017,5,24,6.3
5018,6,22,11.2
5019,7,8,8.2
5020,8,3,5.4
5021,9,23,17.5
5022,10,20,14.8
5023,11,29,11.3
5024,12,18,9.2
5025,13,29,6.7
5026,14,7,14
5027,15,18,27.3
5028,16,22,25.3
5029,1,6,2.4
5030,2,32,4.1
5031,3,26,10.1
5032,4,31,4.8
5033,5,18,11.1
5034,6,7,6.8
5035,7,30,8.9
5036,8,2,10.6
5037,9,17,10
5038,10,23,4.9
5039,11,31,22.5
5040,12,7,4.2
5041,15,21,3.2
5042,16,6,7.7
5043,1,18,3.9
5044,2,20,1.3
5045,3,29,9.7
5046,4,2,25
5047,5,31,3.3
5048,7,29,8.3
5049,8,8,6.1
5050,9,18,7.4
5051,10,24,1.6
5052,11,11,4.6
5053,12,15,11
5054,13,23,3.5
5055,15,3,20.5
5056,16,5,5.6
5057,1,20,2.5
5058,2,2,15.2
5059,3,14,6.4
5060,4,32,0.7
5061,5,29,0.9
5062,6,30,20.5
5063,7,31,2.4
5064,8,6,9.6
5065,9,16,5.2
5066,10,7,3.2
5067,11,30,8.9
5068,12,32,16.9
5069,13,19,8
5070,14,25,2.8
5071,15,12,3.1
5072,16,2,17.7
5073,1,4,6.7
5074,2,12,3.5
5075,3,20,2.7
5076,4,15,10.7
5077,5,25,0.9
5078,6,4,6
5079,7,13,18.6
5080,8,14,13
5081,9,1,6.9
5082,11,27,6.6
5083,12,13,5.4
5084,13,3,0.3
5085,2,15,12.7
5086,3,27,15.6
5087,4,3,7.4
5088,5,19,8.7
5089,6,11,2.9
5090,8,25,3.7
5091,9,23,5.7
5092,10,13,7.7
5093,11,9,2.6
5094,12,14,2.3
5095,13,12,2.1
5096,14,27,1.5
5097,15,20,4.8
5098,1,13,1.3
5099,2,21,2
5100,3,4,3.3
5101,5,3,13.2
5102,6,23,13
5103,7,14,4.8
5104,8,12,7.9
5105,9,25,10.8
5106,10,15,15
5107,12,20,9.1
5108,13,13,4.4
5109,14,4,7.6
5110,15,19,1
5111,1,19,4.1
5112,2,27,8.6
5113,3,8,8.6
5114,4,1,16.9
5115,5,11,3.4
5116,7,7,3.8
5117,8,26,9.7
5118,9,31,11.5
5119,10,9,9.5
5120,11,1,4.3
5121,14,9,2.1
5122,15,16,2.6
5123,16,26,8.9
5124,1,19,14.6
5125,2,23,14.7
5126,3,11,11.8
5127,4,16,30
5128,5,4,8.4
5129,6,5,17.7
5130,8,3,11.2
5131,9,12,30.7
5132,10,25,26.1
5133,13,12,19.2
5134,14,10,12.8
5135,15,31,10.9
5136,1,5,18.8
5137,2,6,10.8
5138,3,4,17.7
5139,5,19,24.9
5140,6,12,28.9
5141,7,25,17.4
5142,9,28,10
5143,10,31,33.2
5144,11,12,26.2
5145,12,1,14.6
5146,14,3,5.6
5147,15,10,13.7
5148,16,6,20.2
5149,1,22,10.7
5150,2,11,6.8
5151,3,26,14.1
5152,4,31,2.5
5153,5,27,4.9
5154,6,7,10.8
5155,7,29,14.1
5156,8,18,16.7
5157,9,16,3.2
5158,10,9,6.5
5159,11,16,1.5
5160,12,23,8
5161,13,20,10.3
5162,14,22,13.5
5163,15,28,13
5164,16,9,23.4
5165,1,13,5.9
5166,2,1,2.4
5167,3,6,18.4
5168,5,20,12.7
5169,6,32,5.9
5170,7,16,18.4
5171,8,8,4
5172,10,22,12.3
5173,11,19,12.3
5174,12,28,10.8
5175,13,9,15
5176,14,28,20.8
5177,15,24,23.6
5178,16,26,18.9
5179,1,21,29.2
5180,2,24,14.5
5181,3,31,9.5
5182,4,2,6.4
5183,5,25,30.5
5184,6,30,24.9
5185,7,21,33.2
5186,8,2,22.3
5187,9,19,13.3
5188,10,5,4.9
5189,11,13,7.5
5190,12,8,19.4
5191,16,30,9.4
5192,1,27,3.1
5193,2,4,5.92
5194,3,5,5.7
5195,4,12,3.1
5196,5,18,5.6
5197,6,2,2.6
5198,7,8,12.5
5199,8,6,9.2
5200,9,7,17.8
5201,10,10,4.6
5202,11,4,2.9
5203,12,29,10.5
5204,13,5,47.8
5205,14,23,29.24
5206,16,10,10.6
5207,2,5,4.1
5208,3,16,4.9
5209,4,27,17.2
5210,5,10,17
5211,6,24,22.6
5212,7,1,1.5
5213,10,3,3.1
5214,11,29,20.5
5215,12,9,7
5216,13,27,5.7
5217,14,17,5.9
5218,15,18,17.6
5219,16,29,5
5220,6,29,9.3
5221,7,18,29.9
5222,8,32,26.9
5223,9,5,5.8
5224,10,3,12.9
5225,11,27,9.6
5226,12,5,3.3
5227,13,4,9.3
5228,14,6,24.9
5229,15,23,9.8
5230,16,3,15.8
5231,1,31,34.1
5232,2,21,11.9
5233,3,25,19
5234,4,23,36.1
5235,6,2,13.5
5236,7,9,19.6
5237,8,20,29.6
5238,9,30,22.2
5239,10,12,16.8
5240,11,25,9.8
5241,12,6,7.2
5242,13,31,10.7
5243,14,19,16.3
5244,15,17,22.5
5245,1,17,2.1
5246,3,29,0.6
5247,4,32,22.5
5248,5,2,0.2
5249,6,8,2.5
5250,7,31,14
5251,8,17,7.5
5252,9,24,15
5253,10,25,32.9
5254,11,30,24.8
5255,12,4,13.2
5256,13,19,14.3
5257,14,13,10
5258,15,30,11.5
5259,16,2,2
5260,1,11,16.2
5261,2,32,11.1
5262,3,2,2
5263,4,24,13.9
5264,5,29,8.1
5265,6,20,6.6
5266,7,26,15.6
5267,8,24,17.2
5268,9,4,8.4
5269,10,8,22.6
5270,11,17,17
5271,12,30,27.9
5272,13,28,11.1
5273,14,21,4.4
5274,15,32,5.7
5275,1,8,4.9
5276,2,17,14
5277,3,28,16.4
5278,4,13,23.5
5279,5,5,15.4
5280,6,7,24.5
5281,7,30,32.1
5282,8,13,14.6
5283,9,21,32.1
5284,10,26,9.6
5285,11,20,17.1
5286,1,24,18.6
5287,2,18,24.6
5288,3,20,14.4
5289,4,28,23.9
5290,5,32,18
5291,6,21,33
5292,8,11,18.3
5293,9,32,22.5
5294,10,13,15.6
5295,11,26,18.6
5296,15,2,11.4
5297,16,13,6.6
5298,1,20,1.7
5299,2,13,2.4
5300,3,27,4.3
5301,4,21,1.1
5302,5,8,0.1
5303,6,11,0.8
5304,7,10,6.9
5305,8,28,6.9
5306,9,8,9.2
5307,10,26,5.8
5308,11,2,13.2
5309,12,24,10.7
5310,13,17,9.2
5311,14,30,3.9
5312,15,13,17.6
5313,16,24,8.1
5314,1,3,6.1
5315,2,29,4.4
5316,3,32,1.2
5317,4,7,11.7
5318,5,30,6.3
5319,6,1,11.9
5320,7,16,3.3
5321,8,4,5.8
5322,9,29,5.9
5323,10,22,10.2
5324,11,10,7.7
5325,12,18,3.1
5326,13,7,11.6
5327,14,9,1.4
5328,1,27,17
5329,2,4,4.3
5330,3,5,4
5331,4,12,6.6
5332,5,18,2.8
5333,6,2,1.4
5334,7,8,15.5
5335,8,6,18.2
5336,9,7,6.8
5337,10,10,3.2
5338,11,4,4.1
5339,12,29,3.4
5340,13,5,5.2
5341,14,23,4.4
5342,16,10,2.3
5343,1,29,3.5
5344,2,28,6.5
5345,3,7,1.2
5346,4,6,14.2
5347,5,22,11
5348,6,27,2.6
5349,7,11,1
5350,8,9,0.4
5351,9,1,0.1
5352,10,19,22.3
5353,11,1,6.1
5354,12,20,3.1
5355,13,26,0.9
5356,14,18,2.4
5357,15,9,1.5
5358,1,9,5.1
5359,2,16,21.9
5360,3,24,11.7
5361,4,8,7.1
5362,5,26,12.1
5363,6,22,12.1
5364,7,20,-0.5
5365,8,26,4.2
5366,9,32,4.7
5367,10,23,25.2
5368,11,31,14
5369,12,11,5.7
5370,14,11,9.6
5371,15,1,2.6
5372,1,16,22.2
5373,2,27,3.9
5374,3,21,17.1
5375,4,5,0.3
5376,5,13,29.1
5377,6,10,5.2
5378,7,9,5
5379,8,1,3.8
5380,9,27,6
5381,10,18,9.7
5382,11,7,6
5383,12,3,10.7
5384,13,18,0.7
5385,1,28,4.2
5386,2,22,1.9
5387,3,18,3.1
5388,4,20,3.8
5389,5,12,5.6
5390,6,26,21.8
5391,7,29,20.3
5392,9,16,10.7
5393,10,1,0.5
5394,11,22,3.3
5395,12,7,1.4
5396,13,11,0.4
5397,14,27,12.8
5398,15,16,2.8
5399,16,1,1.8
5400,1,20,27.9
5401,2,18,15.4
5402,3,21,10.6
5403,4,23,10.8
5404,5,2,13.8
5405,6,10,3.3
5406,7,14,16.8
5407,8,29,6.3
5408,9,31,21.9
5409,10,7,31.1
5410,11,21,27.5
5411,12,18,20.6
5412,13,24,22.9
5413,14,19,8.6
5414,16,19,39.1
5415,1,30,12.3
5416,3,32,13.9
5417,5,9,15.1
5418,6,16,21.3
5419,7,15,20.7
5420,8,30,13.9
5421,9,5,6.3
5422,10,26,17.3
5423,11,1,12.6
5424,12,2,13.7
5425,13,4,21.3
5426,14,17,28
5427,15,15,8.4
5428,1,12,8.5
5429,2,16,15.8
5430,3,17,13.1
5431,4,3,36.3
5432,5,8,9.9
5433,6,22,23.9
5434,7,1,9.8
5435,8,10,9.1
5436,9,2,12.1
5437,10,6,9.2
5438,11,32,22.4
5439,12,6,7.9
5440,13,25,11.7
5441,14,28,20.8
5442,15,3,4.5
5443,16,25,4.2
5444,1,25,18
5445,2,6,6.7
5446,4,28,14.5
5447,5,17,18.3
5448,6,20,21.9
5449,7,3,7.4
5450,8,23,15
5451,9,29,11.3
5452,10,8,16.1
5453,11,15,5.7
5454,12,5,16.9
5455,13,17,9.1
5456,14,31,25.7
5457,15,28,6
5458,1,22,1.7
5459,2,8,2.7
5460,3,2,15.4
5461,4,6,6.3
5462,5,28,10.9
5463,6,3,3.9
5464,7,21,6.4
5465,8,17,13.7
5466,9,3,15.1
5467,10,24,16.3
5468,11,6,7.9
5469,12,16,13
5470,13,20,24.6
5471,14,1,15.6
5472,15,32,7.3
5473,16,20,29.6
5474,1,7,7.4
5475,2,19,8.7
5476,3,12,9.2
5477,4,10,24.5
5478,5,31,19.7
5479,7,25,14.5
5480,8,16,13.6
5481,9,19,7.2
5482,10,18,5.7
5483,11,12,27.9
5484,12,29,9.1
5485,13,14,6.3
5486,14,24,7.3
5487,15,23,10.5
5488,1,14,25.4
5489,2,12,6.3
5490,3,23,14.8
5491,4,24,3.9
5492,5,7,14.8
5493,6,19,5.6
5494,7,10,15
5495,8,6,8.9
5496,9,32,8.2
5497,10,21,16.9
5498,13,29,9.8
5499,15,31,16.1
5500,16,21,19.7
5501,1,6,1.4
5502,2,32,12.3
5503,3,16,7.1
5504,4,2,6.3
5505,6,30,11.3
5506,7,16,21.4
5507,8,20,7.4
5508,9,3,3
5509,10,15,4.4
5510,11,11,8.5
5511,12,19,4.5
5512,13,7,0.9
5513,14,25,10.3
5514,15,2,10.1
5515,16,32,13.4
5516,2,21,9
5517,3,14,7.9
5518,4,31,6.4
5519,5,23,12
5520,6,7,17
5521,7,18,3.5
5522,8,24,8.3
5523,9,21,14
5524,10,3,12.5
5525,11,18,6.7
5526,12,1,2.2
5527,13,10,7.8
5528,14,12,16.4
5529,15,29,9.7
5530,16,12,1.3
5531,1,4,3.9
5532,2,5,21
5533,3,10,14.3
5534,4,15,11.8
5535,5,11,42.2
5536,6,26,4
5537,7,24,14.3
5538,8,7,34.6
5539,9,14,2.9
5540,10,31,27.3
5541,11,8,3.8
5542,12,30,3.1
5543,14,4,17.1
5544,15,5,26
5545,16,26,14.3
5546,1,24,6.6
5547,2,4,6.6
5548,3,9,25
5549,4,21,6
5550,5,14,20.7
5551,6,12,13.5
5552,7,7,3.2
5553,8,18,7.6
5554,9,20,15.2
5555,10,5,7.5
5556,11,2,6.8
5557,12,14,6.2
5558,13,19,11.5
5559,14,7,3.2
5560,15,26,17.8
5561,16,24,5.3
5562,1,11,13.9
5563,2,2,19.5
5564,3,29,3.7
5565,7,28,14
5566,8,26,20.3
5567,9,11,9.5
5568,10,16,3.1
5569,11,4,6
5570,12,9,11.5
5571,13,15,6.7
5572,14,32,26.3
5573,16,15,17.7
5574,1,5,1.1
5575,2,15,6.4
5576,3,18,9.5
5577,4,12,10
5578,5,19,13
5579,6,28,23.8
5580,7,17,2.5
5581,8,22,8.2
5582,13,31,15.4
5583,14,8,5.5
5584,15,21,24.7
5585,16,29,7.3
5586,1,19,16.9
5587,2,17,6
5588,3,22,28.1
5589,4,11,8.9
5590,5,29,10.92
5591,6,21,6.6
5592,9,23,7.4
5593,10,29,12.2
5594,11,31,10.2
5595,12,23,8.4
5596,13,8,2.3
5597,14,18,8.9
5598,15,12,23
5599,16,31,17.7
5600,1,16,2
5601,2,30,14.3
5602,3,25,14.9
5603,4,1,10.9
5604,5,12,6.9
5605,6,32,6.6
5606,7,15,3.4
5607,9,20,1.6
5608,10,32,4.5
5609,11,10,6.5
5610,12,11,2.5
5611,13,3,0.6
5612,14,6,1.5
5613,15,1,4.2
5614,5,10,3.8
5615,6,6,4.8
5616,7,12,6.9
5617,8,4,9.4
5618,9,9,22.9
5619,10,24,19.3
5620,11,7,9
5621,12,10,11
5622,13,21,14.4
5623,14,5,2.4
5624,15,24,16.7
5625,16,7,18.2
5626,1,16,9.8
5627,2,30,11.7
5628,6,32,2.6
5629,7,15,10.9
5630,9,20,5
5631,10,32,7.9
5632,11,10,11.4
5633,12,11,16.1
5634,13,3,11.8
5635,14,6,6.9
5636,15,1,4.8
5637,1,19,10.7
5638,2,17,2.3
5639,3,22,0.2
5640,4,11,2
5641,5,29,3.4
5642,6,21,7.9
5643,7,4,27
5644,8,28,27.7
5645,9,23,1.9
5646,10,29,3.2
5647,11,31,12.4
5648,12,23,0.2
5649,13,8,9.4
5650,14,18,4.9
5651,15,12,2.5
5652,16,31,7.5
